"participant_id","pb_order_group","feedback_condition","rehearsal_id","pair_position","loop_type","function_class","checkpoint","challenge","pleasure","arousal","dominance","confusion","frustration","boredom"
"S001","A","wording_2","S001_R1",1,"baseline","none","child_behavior",0,3,3,0,1,1,1
"S001","A","wording_2","S001_R1",1,"baseline","none","self_handling",0,2,2,0,1,5,1
"S001","A","wording_2","S001_R1",1,"baseline","none","post_feedback",0,2,1,0,3,2,1
"S001","A","wording_2","S001_R2",1,"challenge","PR","child_behavior",1,2,3,-1,4,3,1
"S001","A","wording_2","S001_R2",1,"challenge","PR","self_handling",1,3,1,3,2,1,1
"S001","A","wording_2","S001_R2",1,"challenge","PR","post_feedback",1,2,2,1,3,1,1
"S001","A","wording_2","S001_R3",2,"baseline","none","child_behavior",0,4,2,1,1,1,1
"S001","A","wording_2","S001_R3",2,"baseline","none","self_handling",0,3,1,0,2,1,1
"S001","A","wording_2","S001_R3",2,"baseline","none","post_feedback",0,3,0,1,2,1,1
"S001","A","wording_2","S001_R4",2,"challenge","NR","child_behavior",1,4,3,-1,5,1,1
"S001","A","wording_2","S001_R4",2,"challenge","NR","self_handling",1,3,3,0,2,1,1
"S001","A","wording_2","S001_R4",2,"challenge","NR","post_feedback",1,2,2,1,3,1,1
"S001","A","wording_2","S001_R5",3,"baseline","none","child_behavior",0,3,1,3,1,1,1
"S001","A","wording_2","S001_R5",3,"baseline","none","self_handling",0,2,0,-1,1,1,1
"S001","A","wording_2","S001_R5",3,"baseline","none","post_feedback",0,2,2,1,1,1,1
"S001","A","wording_2","S001_R6",3,"challenge","AR","child_behavior",1,1,2,-1,4,3,1
"S001","A","wording_2","S001_R6",3,"challenge","AR","self_handling",1,3,3,1,5,1,1
"S001","A","wording_2","S001_R6",3,"challenge","AR","post_feedback",1,4,2,0,4,1,1
"S002","B","wording_1","S002_R1",1,"baseline","none","child_behavior",0,4,2,3,1,1,1
"S002","B","wording_1","S002_R1",1,"baseline","none","self_handling",0,3,0,3,2,1,1
"S002","B","wording_1","S002_R1",1,"baseline","none","post_feedback",0,4,0,3,1,1,1
"S002","B","wording_1","S002_R2",1,"challenge","NR","child_behavior",1,-1,1,-1,2,1,1
"S002","B","wording_1","S002_R2",1,"challenge","NR","self_handling",1,2,0,1,2,1,1
"S002","B","wording_1","S002_R2",1,"challenge","NR","post_feedback",1,1,0,0,2,1,1
"S002","B","wording_1","S002_R3",2,"baseline","none","child_behavior",0,2,-1,0,1,1,1
"S002","B","wording_1","S002_R3",2,"baseline","none","self_handling",0,4,0,0,1,1,1
"S002","B","wording_1","S002_R3",2,"baseline","none","post_feedback",0,4,-2,-1,1,1,1
"S002","B","wording_1","S002_R4",2,"challenge","AR","child_behavior",1,2,0,2,4,1,1
"S002","B","wording_1","S002_R4",2,"challenge","AR","self_handling",1,3,1,-1,3,1,1
"S002","B","wording_1","S002_R4",2,"challenge","AR","post_feedback",1,2,-4,0,1,1,1
"S002","B","wording_1","S002_R5",3,"baseline","none","child_behavior",0,3,-1,0,2,1,2
"S002","B","wording_1","S002_R5",3,"baseline","none","self_handling",0,3,0,2,1,1,1
"S002","B","wording_1","S002_R5",3,"baseline","none","post_feedback",0,3,-1,-2,1,1,1
"S002","B","wording_1","S002_R6",3,"challenge","PR","child_behavior",1,0,-1,2,5,1,1
"S002","B","wording_1","S002_R6",3,"challenge","PR","self_handling",1,3,3,1,2,1,1
"S002","B","wording_1","S002_R6",3,"challenge","PR","post_feedback",1,3,2,1,1,1,1
"S003","C","wording_1","S003_R1",1,"baseline","none","child_behavior",0,2,0,1,1,1,2
"S003","C","wording_1","S003_R1",1,"baseline","none","self_handling",0,4,1,1,2,1,3
"S003","C","wording_1","S003_R1",1,"baseline","none","post_feedback",0,3,0,2,1,1,4
"S003","C","wording_1","S003_R2",1,"challenge","AR","child_behavior",1,2,0,1,1,4,4
"S003","C","wording_1","S003_R2",1,"challenge","AR","self_handling",1,1,2,1,1,2,1
"S003","C","wording_1","S003_R2",1,"challenge","AR","post_feedback",1,3,2,0,1,1,2
"S003","C","wording_1","S003_R3",2,"baseline","none","child_behavior",0,2,0,3,1,1,4
"S003","C","wording_1","S003_R3",2,"baseline","none","self_handling",0,4,4,2,1,1,4
"S003","C","wording_1","S003_R3",2,"baseline","none","post_feedback",0,3,0,-1,1,2,5
"S003","C","wording_1","S003_R4",2,"challenge","PR","child_behavior",1,2,2,-2,3,1,4
"S003","C","wording_1","S003_R4",2,"challenge","PR","self_handling",1,1,1,-1,1,1,1
"S003","C","wording_1","S003_R4",2,"challenge","PR","post_feedback",1,0,0,1,3,1,3
"S003","C","wording_1","S003_R5",3,"baseline","none","child_behavior",0,4,0,0,1,1,4
"S003","C","wording_1","S003_R5",3,"baseline","none","self_handling",0,4,2,2,1,1,3
"S003","C","wording_1","S003_R5",3,"baseline","none","post_feedback",0,4,2,2,1,1,1
"S003","C","wording_1","S003_R6",3,"challenge","NR","child_behavior",1,0,2,1,5,2,1
"S003","C","wording_1","S003_R6",3,"challenge","NR","self_handling",1,3,2,2,2,2,1
"S003","C","wording_1","S003_R6",3,"challenge","NR","post_feedback",1,3,1,2,2,1,4
"S004","A","wording_1","S004_R1",1,"baseline","none","child_behavior",0,0,2,1,1,1,1
"S004","A","wording_1","S004_R1",1,"baseline","none","self_handling",0,-1,1,2,1,1,1
"S004","A","wording_1","S004_R1",1,"baseline","none","post_feedback",0,0,3,0,1,1,1
"S004","A","wording_1","S004_R2",1,"challenge","PR","child_behavior",1,0,-1,0,5,1,1
"S004","A","wording_1","S004_R2",1,"challenge","PR","self_handling",1,1,3,-2,3,1,1
"S004","A","wording_1","S004_R2",1,"challenge","PR","post_feedback",1,-1,1,1,4,1,1
"S004","A","wording_1","S004_R3",2,"baseline","none","child_behavior",0,1,3,0,1,1,1
"S004","A","wording_1","S004_R3",2,"baseline","none","self_handling",0,0,3,0,1,1,1
"S004","A","wording_1","S004_R3",2,"baseline","none","post_feedback",0,2,2,-1,1,1,1
"S004","A","wording_1","S004_R4",2,"challenge","NR","child_behavior",1,-1,4,0,4,1,1
"S004","A","wording_1","S004_R4",2,"challenge","NR","self_handling",1,0,2,2,3,1,1
"S004","A","wording_1","S004_R4",2,"challenge","NR","post_feedback",1,2,-1,1,4,1,1
"S004","A","wording_1","S004_R5",3,"baseline","none","child_behavior",0,0,1,0,1,1,1
"S004","A","wording_1","S004_R5",3,"baseline","none","self_handling",0,3,2,1,1,1,1
"S004","A","wording_1","S004_R5",3,"baseline","none","post_feedback",0,0,0,1,1,1,1
"S004","A","wording_1","S004_R6",3,"challenge","AR","child_behavior",1,-2,3,0,3,1,1
"S004","A","wording_1","S004_R6",3,"challenge","AR","self_handling",1,0,1,-1,2,1,1
"S004","A","wording_1","S004_R6",3,"challenge","AR","post_feedback",1,1,2,0,3,1,1
"S005","B","wording_2","S005_R1",1,"baseline","none","child_behavior",0,1,2,1,1,1,1
"S005","B","wording_2","S005_R1",1,"baseline","none","self_handling",0,1,2,2,1,1,1
"S005","B","wording_2","S005_R1",1,"baseline","none","post_feedback",0,1,3,-1,1,1,1
"S005","B","wording_2","S005_R2",1,"challenge","NR","child_behavior",1,1,4,-2,1,1,1
"S005","B","wording_2","S005_R2",1,"challenge","NR","self_handling",1,3,2,-1,2,1,1
"S005","B","wording_2","S005_R2",1,"challenge","NR","post_feedback",1,3,1,1,1,1,1
"S005","B","wording_2","S005_R3",2,"baseline","none","child_behavior",0,2,3,-1,2,1,1
"S005","B","wording_2","S005_R3",2,"baseline","none","self_handling",0,3,0,-1,1,1,1
"S005","B","wording_2","S005_R3",2,"baseline","none","post_feedback",0,4,2,-1,1,1,1
"S005","B","wording_2","S005_R4",2,"challenge","AR","child_behavior",1,1,4,-4,1,1,1
"S005","B","wording_2","S005_R4",2,"challenge","AR","self_handling",1,4,3,0,1,1,1
"S005","B","wording_2","S005_R4",2,"challenge","AR","post_feedback",1,4,4,0,1,1,1
"S005","B","wording_2","S005_R5",3,"baseline","none","child_behavior",0,1,2,-1,1,1,1
"S005","B","wording_2","S005_R5",3,"baseline","none","self_handling",0,1,4,1,1,1,1
"S005","B","wording_2","S005_R5",3,"baseline","none","post_feedback",0,2,4,1,1,1,1
"S005","B","wording_2","S005_R6",3,"challenge","PR","child_behavior",1,2,2,-4,1,1,1
"S005","B","wording_2","S005_R6",3,"challenge","PR","self_handling",1,2,3,-4,1,3,1
"S005","B","wording_2","S005_R6",3,"challenge","PR","post_feedback",1,2,1,0,1,1,1
"S006","C","wording_2","S006_R1",1,"baseline","none","child_behavior",0,3,1,1,1,1,4
"S006","C","wording_2","S006_R1",1,"baseline","none","self_handling",0,2,0,3,1,1,2
"S006","C","wording_2","S006_R1",1,"baseline","none","post_feedback",0,1,-3,1,1,1,1
"S006","C","wording_2","S006_R2",1,"challenge","AR","child_behavior",1,2,0,0,1,2,3
"S006","C","wording_2","S006_R2",1,"challenge","AR","self_handling",1,2,0,4,1,1,2
"S006","C","wording_2","S006_R2",1,"challenge","AR","post_feedback",1,0,1,3,1,1,1
"S006","C","wording_2","S006_R3",2,"baseline","none","child_behavior",0,1,0,2,1,1,1
"S006","C","wording_2","S006_R3",2,"baseline","none","self_handling",0,1,-2,2,1,1,2
"S006","C","wording_2","S006_R3",2,"baseline","none","post_feedback",0,2,-1,3,1,1,3
"S006","C","wording_2","S006_R4",2,"challenge","PR","child_behavior",1,1,2,2,1,1,3
"S006","C","wording_2","S006_R4",2,"challenge","PR","self_handling",1,4,-2,3,1,1,5
"S006","C","wording_2","S006_R4",2,"challenge","PR","post_feedback",1,2,-2,3,1,5,2
"S006","C","wording_2","S006_R5",3,"baseline","none","child_behavior",0,3,-1,1,1,1,3
"S006","C","wording_2","S006_R5",3,"baseline","none","self_handling",0,0,-3,1,2,1,1
"S006","C","wording_2","S006_R5",3,"baseline","none","post_feedback",0,2,-2,1,1,1,3
"S006","C","wording_2","S006_R6",3,"challenge","NR","child_behavior",1,4,-1,3,1,1,1
"S006","C","wording_2","S006_R6",3,"challenge","NR","self_handling",1,3,2,3,1,2,2
"S006","C","wording_2","S006_R6",3,"challenge","NR","post_feedback",1,3,1,4,2,1,1
"S007","A","wording_2","S007_R1",1,"baseline","none","child_behavior",0,3,-1,1,1,1,1
"S007","A","wording_2","S007_R1",1,"baseline","none","self_handling",0,4,1,2,1,1,1
"S007","A","wording_2","S007_R1",1,"baseline","none","post_feedback",0,4,0,-1,1,3,1
"S007","A","wording_2","S007_R2",1,"challenge","PR","child_behavior",1,-1,1,3,1,2,1
"S007","A","wording_2","S007_R2",1,"challenge","PR","self_handling",1,1,3,4,1,1,3
"S007","A","wording_2","S007_R2",1,"challenge","PR","post_feedback",1,0,-2,2,1,1,1
"S007","A","wording_2","S007_R3",2,"baseline","none","child_behavior",0,4,0,2,1,1,1
"S007","A","wording_2","S007_R3",2,"baseline","none","self_handling",0,4,1,1,1,1,2
"S007","A","wording_2","S007_R3",2,"baseline","none","post_feedback",0,3,-2,1,1,1,1
"S007","A","wording_2","S007_R4",2,"challenge","NR","child_behavior",1,-2,2,0,3,1,1
"S007","A","wording_2","S007_R4",2,"challenge","NR","self_handling",1,0,2,2,1,1,1
"S007","A","wording_2","S007_R4",2,"challenge","NR","post_feedback",1,3,1,2,1,1,1
"S007","A","wording_2","S007_R5",3,"baseline","none","child_behavior",0,3,0,0,1,1,4
"S007","A","wording_2","S007_R5",3,"baseline","none","self_handling",0,4,0,0,1,1,3
"S007","A","wording_2","S007_R5",3,"baseline","none","post_feedback",0,4,0,1,1,1,4
"S007","A","wording_2","S007_R6",3,"challenge","AR","child_behavior",1,2,2,3,1,1,1
"S007","A","wording_2","S007_R6",3,"challenge","AR","self_handling",1,1,1,4,2,1,2
"S007","A","wording_2","S007_R6",3,"challenge","AR","post_feedback",1,3,-1,3,1,1,1
"S008","B","wording_1","S008_R1",1,"baseline","none","child_behavior",0,0,1,2,2,1,1
"S008","B","wording_1","S008_R1",1,"baseline","none","self_handling",0,1,-2,2,1,1,1
"S008","B","wording_1","S008_R1",1,"baseline","none","post_feedback",0,1,-1,2,2,1,1
"S008","B","wording_1","S008_R2",1,"challenge","NR","child_behavior",1,2,0,0,2,4,1
"S008","B","wording_1","S008_R2",1,"challenge","NR","self_handling",1,3,0,2,1,3,1
"S008","B","wording_1","S008_R2",1,"challenge","NR","post_feedback",1,4,-1,2,1,1,2
"S008","B","wording_1","S008_R3",2,"baseline","none","child_behavior",0,2,0,2,1,1,1
"S008","B","wording_1","S008_R3",2,"baseline","none","self_handling",0,-1,-2,1,2,3,2
"S008","B","wording_1","S008_R3",2,"baseline","none","post_feedback",0,1,-1,2,1,2,1
"S008","B","wording_1","S008_R4",2,"challenge","AR","child_behavior",1,3,0,0,2,2,1
"S008","B","wording_1","S008_R4",2,"challenge","AR","self_handling",1,4,0,2,1,1,1
"S008","B","wording_1","S008_R4",2,"challenge","AR","post_feedback",1,4,-1,1,1,4,1
"S008","B","wording_1","S008_R5",3,"baseline","none","child_behavior",0,4,0,1,5,1,1
"S008","B","wording_1","S008_R5",3,"baseline","none","self_handling",0,2,0,0,1,1,1
"S008","B","wording_1","S008_R5",3,"baseline","none","post_feedback",0,2,0,2,1,2,1
"S008","B","wording_1","S008_R6",3,"challenge","PR","child_behavior",1,2,0,-2,1,2,1
"S008","B","wording_1","S008_R6",3,"challenge","PR","self_handling",1,4,1,0,2,2,1
"S008","B","wording_1","S008_R6",3,"challenge","PR","post_feedback",1,3,0,-1,1,1,1
"S009","C","wording_1","S009_R1",1,"baseline","none","child_behavior",0,3,-4,1,1,1,1
"S009","C","wording_1","S009_R1",1,"baseline","none","self_handling",0,3,-2,2,2,1,1
"S009","C","wording_1","S009_R1",1,"baseline","none","post_feedback",0,1,-2,2,2,1,1
"S009","C","wording_1","S009_R2",1,"challenge","AR","child_behavior",1,4,-1,-2,3,3,1
"S009","C","wording_1","S009_R2",1,"challenge","AR","self_handling",1,4,-1,0,4,4,1
"S009","C","wording_1","S009_R2",1,"challenge","AR","post_feedback",1,4,-1,-1,3,3,1
"S009","C","wording_1","S009_R3",2,"baseline","none","child_behavior",0,1,-1,2,1,1,1
"S009","C","wording_1","S009_R3",2,"baseline","none","self_handling",0,2,-4,1,3,1,1
"S009","C","wording_1","S009_R3",2,"baseline","none","post_feedback",0,2,-4,2,3,1,1
"S009","C","wording_1","S009_R4",2,"challenge","PR","child_behavior",1,3,-1,-2,4,4,1
"S009","C","wording_1","S009_R4",2,"challenge","PR","self_handling",1,4,-2,0,4,4,1
"S009","C","wording_1","S009_R4",2,"challenge","PR","post_feedback",1,4,-1,-1,4,2,1
"S009","C","wording_1","S009_R5",3,"baseline","none","child_behavior",0,3,0,1,3,1,1
"S009","C","wording_1","S009_R5",3,"baseline","none","self_handling",0,4,-2,2,4,1,2
"S009","C","wording_1","S009_R5",3,"baseline","none","post_feedback",0,4,-4,3,2,1,1
"S009","C","wording_1","S009_R6",3,"challenge","NR","child_behavior",1,3,1,-1,4,4,1
"S009","C","wording_1","S009_R6",3,"challenge","NR","self_handling",1,3,-1,0,5,5,1
"S009","C","wording_1","S009_R6",3,"challenge","NR","post_feedback",1,3,-2,1,3,1,1
"S010","A","wording_2","S010_R1",1,"baseline","none","child_behavior",0,3,-2,2,1,1,1
"S010","A","wording_2","S010_R1",1,"baseline","none","self_handling",0,1,-3,1,2,1,2
"S010","A","wording_2","S010_R1",1,"baseline","none","post_feedback",0,2,-1,3,1,1,1
"S010","A","wording_2","S010_R2",1,"challenge","PR","child_behavior",1,1,-3,1,3,1,1
"S010","A","wording_2","S010_R2",1,"challenge","PR","self_handling",1,2,-3,1,3,1,1
"S010","A","wording_2","S010_R2",1,"challenge","PR","post_feedback",1,1,-4,1,2,1,1
"S010","A","wording_2","S010_R3",2,"baseline","none","child_behavior",0,1,-4,1,1,1,1
"S010","A","wording_2","S010_R3",2,"baseline","none","self_handling",0,2,-2,4,2,1,1
"S010","A","wording_2","S010_R3",2,"baseline","none","post_feedback",0,0,-2,2,2,1,1
"S010","A","wording_2","S010_R4",2,"challenge","NR","child_behavior",1,-2,-2,1,4,2,1
"S010","A","wording_2","S010_R4",2,"challenge","NR","self_handling",1,0,-4,0,3,2,1
"S010","A","wording_2","S010_R4",2,"challenge","NR","post_feedback",1,-1,-3,2,2,1,1
"S010","A","wording_2","S010_R5",3,"baseline","none","child_behavior",0,2,-4,2,2,1,1
"S010","A","wording_2","S010_R5",3,"baseline","none","self_handling",0,2,-3,3,1,1,2
"S010","A","wording_2","S010_R5",3,"baseline","none","post_feedback",0,1,-4,3,4,1,1
"S010","A","wording_2","S010_R6",3,"challenge","AR","child_behavior",1,1,-1,1,3,1,1
"S010","A","wording_2","S010_R6",3,"challenge","AR","self_handling",1,2,-1,0,4,1,1
"S010","A","wording_2","S010_R6",3,"challenge","AR","post_feedback",1,2,-3,0,1,1,1
"S011","B","wording_2","S011_R1",1,"baseline","none","child_behavior",0,0,1,3,3,1,1
"S011","B","wording_2","S011_R1",1,"baseline","none","self_handling",0,4,-1,2,1,1,1
"S011","B","wording_2","S011_R1",1,"baseline","none","post_feedback",0,4,-1,3,1,1,1
"S011","B","wording_2","S011_R2",1,"challenge","NR","child_behavior",1,1,1,2,2,1,1
"S011","B","wording_2","S011_R2",1,"challenge","NR","self_handling",1,3,-1,4,2,1,1
"S011","B","wording_2","S011_R2",1,"challenge","NR","post_feedback",1,3,-3,3,3,1,1
"S011","B","wording_2","S011_R3",2,"baseline","none","child_behavior",0,1,-1,1,1,1,1
"S011","B","wording_2","S011_R3",2,"baseline","none","self_handling",0,2,-1,2,2,1,1
"S011","B","wording_2","S011_R3",2,"baseline","none","post_feedback",0,1,-1,2,1,1,1
"S011","B","wording_2","S011_R4",2,"challenge","AR","child_behavior",1,3,0,3,2,1,1
"S011","B","wording_2","S011_R4",2,"challenge","AR","self_handling",1,3,1,4,1,1,1
"S011","B","wording_2","S011_R4",2,"challenge","AR","post_feedback",1,3,-1,4,1,1,2
"S011","B","wording_2","S011_R5",3,"baseline","none","child_behavior",0,2,0,3,1,1,1
"S011","B","wording_2","S011_R5",3,"baseline","none","self_handling",0,2,0,3,1,1,1
"S011","B","wording_2","S011_R5",3,"baseline","none","post_feedback",0,3,-1,2,1,1,1
"S011","B","wording_2","S011_R6",3,"challenge","PR","child_behavior",1,3,2,2,1,1,1
"S011","B","wording_2","S011_R6",3,"challenge","PR","self_handling",1,1,-1,2,1,1,1
"S011","B","wording_2","S011_R6",3,"challenge","PR","post_feedback",1,2,-1,2,1,1,1
"S012","C","wording_2","S012_R1",1,"baseline","none","child_behavior",0,4,2,4,1,1,2
"S012","C","wording_2","S012_R1",1,"baseline","none","self_handling",0,3,-2,4,1,1,2
"S012","C","wording_2","S012_R1",1,"baseline","none","post_feedback",0,4,1,4,1,4,2
"S012","C","wording_2","S012_R2",1,"challenge","AR","child_behavior",1,-1,0,3,1,1,1
"S012","C","wording_2","S012_R2",1,"challenge","AR","self_handling",1,2,0,4,1,2,1
"S012","C","wording_2","S012_R2",1,"challenge","AR","post_feedback",1,0,0,3,1,1,1
"S012","C","wording_2","S012_R3",2,"baseline","none","child_behavior",0,1,3,0,1,1,1
"S012","C","wording_2","S012_R3",2,"baseline","none","self_handling",0,3,1,3,1,2,1
"S012","C","wording_2","S012_R3",2,"baseline","none","post_feedback",0,2,0,0,1,1,1
"S012","C","wording_2","S012_R4",2,"challenge","PR","child_behavior",1,-1,-1,3,1,1,1
"S012","C","wording_2","S012_R4",2,"challenge","PR","self_handling",1,0,3,2,1,1,1
"S012","C","wording_2","S012_R4",2,"challenge","PR","post_feedback",1,2,-1,4,1,1,1
"S012","C","wording_2","S012_R5",3,"baseline","none","child_behavior",0,1,1,4,1,1,1
"S012","C","wording_2","S012_R5",3,"baseline","none","self_handling",0,4,1,1,1,1,1
"S012","C","wording_2","S012_R5",3,"baseline","none","post_feedback",0,4,1,2,1,1,1
"S012","C","wording_2","S012_R6",3,"challenge","NR","child_behavior",1,-3,0,1,1,2,2
"S012","C","wording_2","S012_R6",3,"challenge","NR","self_handling",1,-2,-1,-1,1,1,4
"S012","C","wording_2","S012_R6",3,"challenge","NR","post_feedback",1,-2,-2,4,1,1,3
"S013","A","wording_1","S013_R1",1,"baseline","none","child_behavior",0,3,-1,0,2,1,1
"S013","A","wording_1","S013_R1",1,"baseline","none","self_handling",0,0,-1,0,1,1,1
"S013","A","wording_1","S013_R1",1,"baseline","none","post_feedback",0,3,-1,-2,1,1,1
"S013","A","wording_1","S013_R2",1,"challenge","PR","child_behavior",1,1,-2,0,1,1,1
"S013","A","wording_1","S013_R2",1,"challenge","PR","self_handling",1,0,-2,-1,1,3,1
"S013","A","wording_1","S013_R2",1,"challenge","PR","post_feedback",1,1,1,0,1,1,1
"S013","A","wording_1","S013_R3",2,"baseline","none","child_behavior",0,2,-1,-1,1,1,1
"S013","A","wording_1","S013_R3",2,"baseline","none","self_handling",0,4,-1,1,1,1,1
"S013","A","wording_1","S013_R3",2,"baseline","none","post_feedback",0,2,0,0,1,1,1
"S013","A","wording_1","S013_R4",2,"challenge","NR","child_behavior",1,-2,-1,-1,1,1,1
"S013","A","wording_1","S013_R4",2,"challenge","NR","self_handling",1,2,-3,3,1,1,1
"S013","A","wording_1","S013_R4",2,"challenge","NR","post_feedback",1,1,-4,0,1,1,1
"S013","A","wording_1","S013_R5",3,"baseline","none","child_behavior",0,0,-3,1,1,1,1
"S013","A","wording_1","S013_R5",3,"baseline","none","self_handling",0,2,-2,1,1,1,1
"S013","A","wording_1","S013_R5",3,"baseline","none","post_feedback",0,1,-1,-1,1,1,1
"S013","A","wording_1","S013_R6",3,"challenge","AR","child_behavior",1,2,-1,0,1,1,1
"S013","A","wording_1","S013_R6",3,"challenge","AR","self_handling",1,2,-3,-1,1,1,1
"S013","A","wording_1","S013_R6",3,"challenge","AR","post_feedback",1,2,0,0,1,1,1
"S014","B","wording_1","S014_R1",1,"baseline","none","child_behavior",0,4,1,4,1,1,2
"S014","B","wording_1","S014_R1",1,"baseline","none","self_handling",0,2,3,4,1,1,1
"S014","B","wording_1","S014_R1",1,"baseline","none","post_feedback",0,3,1,4,1,1,1
"S014","B","wording_1","S014_R2",1,"challenge","NR","child_behavior",1,3,1,1,2,2,1
"S014","B","wording_1","S014_R2",1,"challenge","NR","self_handling",1,1,1,4,3,1,1
"S014","B","wording_1","S014_R2",1,"challenge","NR","post_feedback",1,4,0,4,2,1,1
"S014","B","wording_1","S014_R3",2,"baseline","none","child_behavior",0,0,1,4,1,1,3
"S014","B","wording_1","S014_R3",2,"baseline","none","self_handling",0,3,1,3,1,1,1
"S014","B","wording_1","S014_R3",2,"baseline","none","post_feedback",0,2,2,4,1,1,1
"S014","B","wording_1","S014_R4",2,"challenge","AR","child_behavior",1,-1,1,4,2,1,1
"S014","B","wording_1","S014_R4",2,"challenge","AR","self_handling",1,1,1,3,3,1,1
"S014","B","wording_1","S014_R4",2,"challenge","AR","post_feedback",1,4,1,3,1,1,1
"S014","B","wording_1","S014_R5",3,"baseline","none","child_behavior",0,3,-1,4,1,1,1
"S014","B","wording_1","S014_R5",3,"baseline","none","self_handling",0,2,2,4,1,1,1
"S014","B","wording_1","S014_R5",3,"baseline","none","post_feedback",0,4,1,4,1,1,1
"S014","B","wording_1","S014_R6",3,"challenge","PR","child_behavior",1,-1,-1,1,4,1,1
"S014","B","wording_1","S014_R6",3,"challenge","PR","self_handling",1,2,0,2,3,1,1
"S014","B","wording_1","S014_R6",3,"challenge","PR","post_feedback",1,2,0,3,1,2,1
"S015","C","wording_1","S015_R1",1,"baseline","none","child_behavior",0,2,1,1,2,1,1
"S015","C","wording_1","S015_R1",1,"baseline","none","self_handling",0,2,1,0,1,1,1
"S015","C","wording_1","S015_R1",1,"baseline","none","post_feedback",0,4,2,1,1,1,1
"S015","C","wording_1","S015_R2",1,"challenge","AR","child_behavior",1,1,3,-3,1,1,1
"S015","C","wording_1","S015_R2",1,"challenge","AR","self_handling",1,4,1,-1,1,1,1
"S015","C","wording_1","S015_R2",1,"challenge","AR","post_feedback",1,2,0,0,1,1,1
"S015","C","wording_1","S015_R3",2,"baseline","none","child_behavior",0,2,0,-2,1,1,1
"S015","C","wording_1","S015_R3",2,"baseline","none","self_handling",0,2,0,-3,2,1,1
"S015","C","wording_1","S015_R3",2,"baseline","none","post_feedback",0,-1,2,-2,1,1,1
"S015","C","wording_1","S015_R4",2,"challenge","PR","child_behavior",1,-1,4,0,3,1,1
"S015","C","wording_1","S015_R4",2,"challenge","PR","self_handling",1,2,2,-1,1,2,1
"S015","C","wording_1","S015_R4",2,"challenge","PR","post_feedback",1,1,1,0,1,1,1
"S015","C","wording_1","S015_R5",3,"baseline","none","child_behavior",0,4,3,-1,1,1,1
"S015","C","wording_1","S015_R5",3,"baseline","none","self_handling",0,4,0,-3,2,1,1
"S015","C","wording_1","S015_R5",3,"baseline","none","post_feedback",0,3,-2,-3,1,1,1
"S015","C","wording_1","S015_R6",3,"challenge","NR","child_behavior",1,2,-1,-3,1,2,1
"S015","C","wording_1","S015_R6",3,"challenge","NR","self_handling",1,2,0,-1,1,2,1
"S015","C","wording_1","S015_R6",3,"challenge","NR","post_feedback",1,3,0,0,1,1,1
"S016","A","wording_2","S016_R1",1,"baseline","none","child_behavior",0,3,1,1,1,2,1
"S016","A","wording_2","S016_R1",1,"baseline","none","self_handling",0,2,1,4,1,1,1
"S016","A","wording_2","S016_R1",1,"baseline","none","post_feedback",0,2,1,0,1,1,1
"S016","A","wording_2","S016_R2",1,"challenge","PR","child_behavior",1,1,0,2,3,1,1
"S016","A","wording_2","S016_R2",1,"challenge","PR","self_handling",1,2,3,1,2,1,1
"S016","A","wording_2","S016_R2",1,"challenge","PR","post_feedback",1,4,0,4,2,1,1
"S016","A","wording_2","S016_R3",2,"baseline","none","child_behavior",0,2,1,3,2,1,1
"S016","A","wording_2","S016_R3",2,"baseline","none","self_handling",0,1,0,3,1,1,1
"S016","A","wording_2","S016_R3",2,"baseline","none","post_feedback",0,2,-1,2,1,1,1
"S016","A","wording_2","S016_R4",2,"challenge","NR","child_behavior",1,-1,2,4,3,3,1
"S016","A","wording_2","S016_R4",2,"challenge","NR","self_handling",1,3,2,1,1,1,1
"S016","A","wording_2","S016_R4",2,"challenge","NR","post_feedback",1,2,0,3,1,1,1
"S016","A","wording_2","S016_R5",3,"baseline","none","child_behavior",0,3,4,3,1,1,1
"S016","A","wording_2","S016_R5",3,"baseline","none","self_handling",0,3,3,4,1,1,1
"S016","A","wording_2","S016_R5",3,"baseline","none","post_feedback",0,-1,0,1,1,1,1
"S016","A","wording_2","S016_R6",3,"challenge","AR","child_behavior",1,1,3,4,3,1,1
"S016","A","wording_2","S016_R6",3,"challenge","AR","self_handling",1,4,4,3,2,1,1
"S016","A","wording_2","S016_R6",3,"challenge","AR","post_feedback",1,3,0,2,1,1,1
"S017","B","wording_1","S017_R1",1,"baseline","none","child_behavior",0,3,-3,3,1,1,1
"S017","B","wording_1","S017_R1",1,"baseline","none","self_handling",0,3,-2,2,1,2,3
"S017","B","wording_1","S017_R1",1,"baseline","none","post_feedback",0,3,-2,0,2,1,1
"S017","B","wording_1","S017_R2",1,"challenge","NR","child_behavior",1,-1,-2,-1,2,4,1
"S017","B","wording_1","S017_R2",1,"challenge","NR","self_handling",1,3,-3,0,1,3,1
"S017","B","wording_1","S017_R2",1,"challenge","NR","post_feedback",1,4,-3,1,2,4,1
"S017","B","wording_1","S017_R3",2,"baseline","none","child_behavior",0,2,-2,0,1,1,1
"S017","B","wording_1","S017_R3",2,"baseline","none","self_handling",0,2,-2,1,1,1,2
"S017","B","wording_1","S017_R3",2,"baseline","none","post_feedback",0,2,-2,2,1,1,1
"S017","B","wording_1","S017_R4",2,"challenge","AR","child_behavior",1,1,-2,1,3,5,1
"S017","B","wording_1","S017_R4",2,"challenge","AR","self_handling",1,2,-3,1,1,2,1
"S017","B","wording_1","S017_R4",2,"challenge","AR","post_feedback",1,3,-3,0,2,3,1
"S017","B","wording_1","S017_R5",3,"baseline","none","child_behavior",0,1,-1,-1,2,1,1
"S017","B","wording_1","S017_R5",3,"baseline","none","self_handling",0,2,-2,0,1,2,1
"S017","B","wording_1","S017_R5",3,"baseline","none","post_feedback",0,2,-4,2,1,1,1
"S017","B","wording_1","S017_R6",3,"challenge","PR","child_behavior",1,3,-2,1,1,3,1
"S017","B","wording_1","S017_R6",3,"challenge","PR","self_handling",1,1,-4,4,2,3,1
"S017","B","wording_1","S017_R6",3,"challenge","PR","post_feedback",1,4,-4,2,1,1,1
"S018","C","wording_1","S018_R1",1,"baseline","none","child_behavior",0,2,4,2,1,1,2
"S018","C","wording_1","S018_R1",1,"baseline","none","self_handling",0,1,3,0,1,1,2
"S018","C","wording_1","S018_R1",1,"baseline","none","post_feedback",0,-1,4,1,1,1,1
"S018","C","wording_1","S018_R2",1,"challenge","AR","child_behavior",1,-1,4,0,2,1,1
"S018","C","wording_1","S018_R2",1,"challenge","AR","self_handling",1,2,4,0,1,1,1
"S018","C","wording_1","S018_R2",1,"challenge","AR","post_feedback",1,-1,1,1,1,2,1
"S018","C","wording_1","S018_R3",2,"baseline","none","child_behavior",0,1,4,0,1,1,1
"S018","C","wording_1","S018_R3",2,"baseline","none","self_handling",0,0,4,1,1,1,2
"S018","C","wording_1","S018_R3",2,"baseline","none","post_feedback",0,2,4,2,1,1,2
"S018","C","wording_1","S018_R4",2,"challenge","PR","child_behavior",1,1,4,1,1,1,1
"S018","C","wording_1","S018_R4",2,"challenge","PR","self_handling",1,1,4,1,4,1,1
"S018","C","wording_1","S018_R4",2,"challenge","PR","post_feedback",1,2,3,1,1,1,1
"S018","C","wording_1","S018_R5",3,"baseline","none","child_behavior",0,0,4,1,2,1,3
"S018","C","wording_1","S018_R5",3,"baseline","none","self_handling",0,3,2,-1,1,1,2
"S018","C","wording_1","S018_R5",3,"baseline","none","post_feedback",0,2,4,3,1,1,3
"S018","C","wording_1","S018_R6",3,"challenge","NR","child_behavior",1,-3,4,2,2,2,1
"S018","C","wording_1","S018_R6",3,"challenge","NR","self_handling",1,-1,4,0,3,2,1
"S018","C","wording_1","S018_R6",3,"challenge","NR","post_feedback",1,1,3,2,1,1,1
"S019","A","wording_2","S019_R1",1,"baseline","none","child_behavior",0,2,1,-1,1,2,1
"S019","A","wording_2","S019_R1",1,"baseline","none","self_handling",0,2,2,-1,1,1,1
"S019","A","wording_2","S019_R1",1,"baseline","none","post_feedback",0,1,0,1,2,1,1
"S019","A","wording_2","S019_R2",1,"challenge","PR","child_behavior",1,3,0,1,1,1,1
"S019","A","wording_2","S019_R2",1,"challenge","PR","self_handling",1,4,1,2,1,2,1
"S019","A","wording_2","S019_R2",1,"challenge","PR","post_feedback",1,4,-2,1,1,1,1
"S019","A","wording_2","S019_R3",2,"baseline","none","child_behavior",0,3,0,4,1,1,2
"S019","A","wording_2","S019_R3",2,"baseline","none","self_handling",0,2,-2,0,1,1,1
"S019","A","wording_2","S019_R3",2,"baseline","none","post_feedback",0,3,0,0,1,1,2
"S019","A","wording_2","S019_R4",2,"challenge","NR","child_behavior",1,1,3,2,1,2,1
"S019","A","wording_2","S019_R4",2,"challenge","NR","self_handling",1,4,2,2,1,1,1
"S019","A","wording_2","S019_R4",2,"challenge","NR","post_feedback",1,4,1,-1,1,2,3
"S019","A","wording_2","S019_R5",3,"baseline","none","child_behavior",0,2,2,3,1,1,1
"S019","A","wording_2","S019_R5",3,"baseline","none","self_handling",0,2,1,2,1,1,1
"S019","A","wording_2","S019_R5",3,"baseline","none","post_feedback",0,4,-1,2,3,1,1
"S019","A","wording_2","S019_R6",3,"challenge","AR","child_behavior",1,4,2,2,1,3,1
"S019","A","wording_2","S019_R6",3,"challenge","AR","self_handling",1,4,0,2,1,1,2
"S019","A","wording_2","S019_R6",3,"challenge","AR","post_feedback",1,2,-2,3,1,2,1
"S020","B","wording_2","S020_R1",1,"baseline","none","child_behavior",0,1,3,3,1,1,1
"S020","B","wording_2","S020_R1",1,"baseline","none","self_handling",0,0,1,4,1,1,1
"S020","B","wording_2","S020_R1",1,"baseline","none","post_feedback",0,2,1,4,1,1,1
"S020","B","wording_2","S020_R2",1,"challenge","NR","child_behavior",1,-1,3,0,4,1,1
"S020","B","wording_2","S020_R2",1,"challenge","NR","self_handling",1,1,2,2,1,4,1
"S020","B","wording_2","S020_R2",1,"challenge","NR","post_feedback",1,1,-1,2,1,3,1
"S020","B","wording_2","S020_R3",2,"baseline","none","child_behavior",0,1,2,4,1,2,2
"S020","B","wording_2","S020_R3",2,"baseline","none","self_handling",0,2,0,4,1,1,1
"S020","B","wording_2","S020_R3",2,"baseline","none","post_feedback",0,0,3,4,1,1,1
"S020","B","wording_2","S020_R4",2,"challenge","AR","child_behavior",1,1,4,1,1,1,1
"S020","B","wording_2","S020_R4",2,"challenge","AR","self_handling",1,2,0,3,1,4,1
"S020","B","wording_2","S020_R4",2,"challenge","AR","post_feedback",1,1,1,2,1,3,1
"S020","B","wording_2","S020_R5",3,"baseline","none","child_behavior",0,2,2,4,3,1,3
"S020","B","wording_2","S020_R5",3,"baseline","none","self_handling",0,-2,3,2,1,1,2
"S020","B","wording_2","S020_R5",3,"baseline","none","post_feedback",0,1,1,4,3,3,2
"S020","B","wording_2","S020_R6",3,"challenge","PR","child_behavior",1,2,2,3,3,2,1
"S020","B","wording_2","S020_R6",3,"challenge","PR","self_handling",1,0,2,2,2,1,1
"S020","B","wording_2","S020_R6",3,"challenge","PR","post_feedback",1,2,-1,2,1,5,2
"S021","C","wording_2","S021_R1",1,"baseline","none","child_behavior",0,3,-3,4,1,1,3
"S021","C","wording_2","S021_R1",1,"baseline","none","self_handling",0,4,-4,2,1,1,1
"S021","C","wording_2","S021_R1",1,"baseline","none","post_feedback",0,4,-4,-1,1,1,2
"S021","C","wording_2","S021_R2",1,"challenge","AR","child_behavior",1,2,-2,1,3,4,1
"S021","C","wording_2","S021_R2",1,"challenge","AR","self_handling",1,4,-3,0,2,2,1
"S021","C","wording_2","S021_R2",1,"challenge","AR","post_feedback",1,3,-1,0,1,1,1
"S021","C","wording_2","S021_R3",2,"baseline","none","child_behavior",0,2,-2,3,2,1,1
"S021","C","wording_2","S021_R3",2,"baseline","none","self_handling",0,3,-2,1,1,1,1
"S021","C","wording_2","S021_R3",2,"baseline","none","post_feedback",0,4,-2,1,1,1,1
"S021","C","wording_2","S021_R4",2,"challenge","PR","child_behavior",1,1,-3,0,3,2,1
"S021","C","wording_2","S021_R4",2,"challenge","PR","self_handling",1,3,-2,1,3,2,1
"S021","C","wording_2","S021_R4",2,"challenge","PR","post_feedback",1,2,-1,1,1,3,1
"S021","C","wording_2","S021_R5",3,"baseline","none","child_behavior",0,4,-3,3,1,2,1
"S021","C","wording_2","S021_R5",3,"baseline","none","self_handling",0,4,-3,3,1,1,1
"S021","C","wording_2","S021_R5",3,"baseline","none","post_feedback",0,3,0,2,1,1,1
"S021","C","wording_2","S021_R6",3,"challenge","NR","child_behavior",1,0,-2,3,2,5,1
"S021","C","wording_2","S021_R6",3,"challenge","NR","self_handling",1,2,-2,3,2,4,1
"S021","C","wording_2","S021_R6",3,"challenge","NR","post_feedback",1,3,-1,2,1,3,1
"S022","A","wording_2","S022_R1",1,"baseline","none","child_behavior",0,3,3,3,1,1,2
"S022","A","wording_2","S022_R1",1,"baseline","none","self_handling",0,1,1,3,1,1,1
"S022","A","wording_2","S022_R1",1,"baseline","none","post_feedback",0,1,2,4,1,1,2
"S022","A","wording_2","S022_R2",1,"challenge","PR","child_behavior",1,-1,1,3,2,2,2
"S022","A","wording_2","S022_R2",1,"challenge","PR","self_handling",1,2,1,4,2,1,3
"S022","A","wording_2","S022_R2",1,"challenge","PR","post_feedback",1,1,4,4,1,1,1
"S022","A","wording_2","S022_R3",2,"baseline","none","child_behavior",0,4,2,4,1,1,2
"S022","A","wording_2","S022_R3",2,"baseline","none","self_handling",0,0,2,3,1,1,1
"S022","A","wording_2","S022_R3",2,"baseline","none","post_feedback",0,1,3,4,1,1,3
"S022","A","wording_2","S022_R4",2,"challenge","NR","child_behavior",1,-1,1,3,3,2,1
"S022","A","wording_2","S022_R4",2,"challenge","NR","self_handling",1,2,0,4,3,1,2
"S022","A","wording_2","S022_R4",2,"challenge","NR","post_feedback",1,1,1,3,2,2,2
"S022","A","wording_2","S022_R5",3,"baseline","none","child_behavior",0,2,1,4,1,1,1
"S022","A","wording_2","S022_R5",3,"baseline","none","self_handling",0,4,1,3,1,1,1
"S022","A","wording_2","S022_R5",3,"baseline","none","post_feedback",0,1,0,2,1,1,3
"S022","A","wording_2","S022_R6",3,"challenge","AR","child_behavior",1,1,0,0,3,2,3
"S022","A","wording_2","S022_R6",3,"challenge","AR","self_handling",1,0,3,4,2,2,1
"S022","A","wording_2","S022_R6",3,"challenge","AR","post_feedback",1,2,1,1,2,4,2
"S023","B","wording_1","S023_R1",1,"baseline","none","child_behavior",0,1,1,0,1,1,1
"S023","B","wording_1","S023_R1",1,"baseline","none","self_handling",0,2,-4,2,1,1,1
"S023","B","wording_1","S023_R1",1,"baseline","none","post_feedback",0,3,-1,1,1,1,1
"S023","B","wording_1","S023_R2",1,"challenge","NR","child_behavior",1,2,3,2,3,5,1
"S023","B","wording_1","S023_R2",1,"challenge","NR","self_handling",1,3,0,2,1,1,1
"S023","B","wording_1","S023_R2",1,"challenge","NR","post_feedback",1,4,3,3,2,1,1
"S023","B","wording_1","S023_R3",2,"baseline","none","child_behavior",0,2,0,3,1,1,1
"S023","B","wording_1","S023_R3",2,"baseline","none","self_handling",0,3,0,3,1,1,1
"S023","B","wording_1","S023_R3",2,"baseline","none","post_feedback",0,3,0,4,1,2,1
"S023","B","wording_1","S023_R4",2,"challenge","AR","child_behavior",1,2,2,4,2,1,1
"S023","B","wording_1","S023_R4",2,"challenge","AR","self_handling",1,1,2,2,1,2,1
"S023","B","wording_1","S023_R4",2,"challenge","AR","post_feedback",1,1,0,4,3,1,1
"S023","B","wording_1","S023_R5",3,"baseline","none","child_behavior",0,2,1,4,1,1,1
"S023","B","wording_1","S023_R5",3,"baseline","none","self_handling",0,1,-1,2,1,1,1
"S023","B","wording_1","S023_R5",3,"baseline","none","post_feedback",0,0,1,2,1,1,1
"S023","B","wording_1","S023_R6",3,"challenge","PR","child_behavior",1,1,3,3,3,1,1
"S023","B","wording_1","S023_R6",3,"challenge","PR","self_handling",1,1,2,1,2,2,1
"S023","B","wording_1","S023_R6",3,"challenge","PR","post_feedback",1,2,-1,1,1,3,1
"S024","C","wording_2","S024_R1",1,"baseline","none","child_behavior",0,1,-1,3,1,1,1
"S024","C","wording_2","S024_R1",1,"baseline","none","self_handling",0,2,-2,4,1,1,2
"S024","C","wording_2","S024_R1",1,"baseline","none","post_feedback",0,3,1,4,1,1,1
"S024","C","wording_2","S024_R2",1,"challenge","AR","child_behavior",1,0,-1,0,3,3,1
"S024","C","wording_2","S024_R2",1,"challenge","AR","self_handling",1,2,-1,3,1,1,1
"S024","C","wording_2","S024_R2",1,"challenge","AR","post_feedback",1,2,-2,0,2,2,1
"S024","C","wording_2","S024_R3",2,"baseline","none","child_behavior",0,4,-2,4,1,1,1
"S024","C","wording_2","S024_R3",2,"baseline","none","self_handling",0,3,-2,4,1,2,1
"S024","C","wording_2","S024_R3",2,"baseline","none","post_feedback",0,4,-1,4,1,2,1
"S024","C","wording_2","S024_R4",2,"challenge","PR","child_behavior",1,2,-1,-1,1,4,1
"S024","C","wording_2","S024_R4",2,"challenge","PR","self_handling",1,4,0,1,1,1,1
"S024","C","wording_2","S024_R4",2,"challenge","PR","post_feedback",1,4,-1,0,1,2,1
"S024","C","wording_2","S024_R5",3,"baseline","none","child_behavior",0,4,-1,4,2,1,1
"S024","C","wording_2","S024_R5",3,"baseline","none","self_handling",0,4,1,3,1,1,1
"S024","C","wording_2","S024_R5",3,"baseline","none","post_feedback",0,3,-1,4,1,1,1
"S024","C","wording_2","S024_R6",3,"challenge","NR","child_behavior",1,0,1,0,1,3,1
"S024","C","wording_2","S024_R6",3,"challenge","NR","self_handling",1,1,0,3,1,5,1
"S024","C","wording_2","S024_R6",3,"challenge","NR","post_feedback",1,2,0,-1,1,1,1
"S025","A","wording_2","S025_R1",1,"baseline","none","child_behavior",0,3,1,4,1,1,1
"S025","A","wording_2","S025_R1",1,"baseline","none","self_handling",0,3,0,3,1,1,1
"S025","A","wording_2","S025_R1",1,"baseline","none","post_feedback",0,4,-3,4,3,1,1
"S025","A","wording_2","S025_R2",1,"challenge","PR","child_behavior",1,3,0,4,4,3,1
"S025","A","wording_2","S025_R2",1,"challenge","PR","self_handling",1,4,-2,4,2,1,1
"S025","A","wording_2","S025_R2",1,"challenge","PR","post_feedback",1,2,-1,4,3,1,1
"S025","A","wording_2","S025_R3",2,"baseline","none","child_behavior",0,1,-1,2,1,1,1
"S025","A","wording_2","S025_R3",2,"baseline","none","self_handling",0,3,-2,2,1,1,1
"S025","A","wording_2","S025_R3",2,"baseline","none","post_feedback",0,1,-2,1,1,1,1
"S025","A","wording_2","S025_R4",2,"challenge","NR","child_behavior",1,1,-1,3,4,2,1
"S025","A","wording_2","S025_R4",2,"challenge","NR","self_handling",1,3,-2,2,4,1,1
"S025","A","wording_2","S025_R4",2,"challenge","NR","post_feedback",1,3,-2,3,2,1,1
"S025","A","wording_2","S025_R5",3,"baseline","none","child_behavior",0,1,-2,4,1,1,1
"S025","A","wording_2","S025_R5",3,"baseline","none","self_handling",0,2,0,4,1,1,1
"S025","A","wording_2","S025_R5",3,"baseline","none","post_feedback",0,2,0,4,1,1,1
"S025","A","wording_2","S025_R6",3,"challenge","AR","child_behavior",1,0,-1,2,4,3,1
"S025","A","wording_2","S025_R6",3,"challenge","AR","self_handling",1,4,-3,4,1,1,1
"S025","A","wording_2","S025_R6",3,"challenge","AR","post_feedback",1,3,-2,4,4,1,1
"S026","B","wording_1","S026_R1",1,"baseline","none","child_behavior",0,4,1,0,1,1,1
"S026","B","wording_1","S026_R1",1,"baseline","none","self_handling",0,4,0,-2,1,1,1
"S026","B","wording_1","S026_R1",1,"baseline","none","post_feedback",0,4,1,-3,1,1,1
"S026","B","wording_1","S026_R2",1,"challenge","NR","child_behavior",1,0,0,0,3,1,2
"S026","B","wording_1","S026_R2",1,"challenge","NR","self_handling",1,4,0,0,5,1,1
"S026","B","wording_1","S026_R2",1,"challenge","NR","post_feedback",1,3,-2,1,1,1,1
"S026","B","wording_1","S026_R3",2,"baseline","none","child_behavior",0,4,1,-2,1,1,1
"S026","B","wording_1","S026_R3",2,"baseline","none","self_handling",0,4,0,-3,1,1,1
"S026","B","wording_1","S026_R3",2,"baseline","none","post_feedback",0,4,0,1,2,1,1
"S026","B","wording_1","S026_R4",2,"challenge","AR","child_behavior",1,4,-2,-1,4,4,1
"S026","B","wording_1","S026_R4",2,"challenge","AR","self_handling",1,3,0,0,5,1,1
"S026","B","wording_1","S026_R4",2,"challenge","AR","post_feedback",1,4,-3,0,4,1,1
"S026","B","wording_1","S026_R5",3,"baseline","none","child_behavior",0,4,4,0,3,1,1
"S026","B","wording_1","S026_R5",3,"baseline","none","self_handling",0,4,1,-2,1,1,1
"S026","B","wording_1","S026_R5",3,"baseline","none","post_feedback",0,4,-1,0,1,1,1
"S026","B","wording_1","S026_R6",3,"challenge","PR","child_behavior",1,0,0,-2,3,1,1
"S026","B","wording_1","S026_R6",3,"challenge","PR","self_handling",1,4,0,-2,5,1,1
"S026","B","wording_1","S026_R6",3,"challenge","PR","post_feedback",1,4,0,1,3,1,1
"S027","C","wording_1","S027_R1",1,"baseline","none","child_behavior",0,0,-1,4,1,1,2
"S027","C","wording_1","S027_R1",1,"baseline","none","self_handling",0,1,-1,2,1,1,1
"S027","C","wording_1","S027_R1",1,"baseline","none","post_feedback",0,1,-2,2,1,1,1
"S027","C","wording_1","S027_R2",1,"challenge","AR","child_behavior",1,0,0,1,2,1,1
"S027","C","wording_1","S027_R2",1,"challenge","AR","self_handling",1,2,0,4,1,2,1
"S027","C","wording_1","S027_R2",1,"challenge","AR","post_feedback",1,2,-1,2,1,1,1
"S027","C","wording_1","S027_R3",2,"baseline","none","child_behavior",0,2,-1,3,1,1,1
"S027","C","wording_1","S027_R3",2,"baseline","none","self_handling",0,3,-1,3,1,1,1
"S027","C","wording_1","S027_R3",2,"baseline","none","post_feedback",0,1,-2,2,1,1,1
"S027","C","wording_1","S027_R4",2,"challenge","PR","child_behavior",1,1,-1,0,2,1,1
"S027","C","wording_1","S027_R4",2,"challenge","PR","self_handling",1,2,0,1,1,1,1
"S027","C","wording_1","S027_R4",2,"challenge","PR","post_feedback",1,3,-1,2,1,1,1
"S027","C","wording_1","S027_R5",3,"baseline","none","child_behavior",0,1,-1,2,1,1,1
"S027","C","wording_1","S027_R5",3,"baseline","none","self_handling",0,2,-1,1,1,1,3
"S027","C","wording_1","S027_R5",3,"baseline","none","post_feedback",0,2,0,4,1,1,2
"S027","C","wording_1","S027_R6",3,"challenge","NR","child_behavior",1,-2,1,1,2,1,1
"S027","C","wording_1","S027_R6",3,"challenge","NR","self_handling",1,1,-2,3,2,1,1
"S027","C","wording_1","S027_R6",3,"challenge","NR","post_feedback",1,4,-3,2,1,1,1
"S028","A","wording_1","S028_R1",1,"baseline","none","child_behavior",0,4,-2,4,5,1,4
"S028","A","wording_1","S028_R1",1,"baseline","none","self_handling",0,3,0,4,1,1,3
"S028","A","wording_1","S028_R1",1,"baseline","none","post_feedback",0,4,-1,4,3,1,2
"S028","A","wording_1","S028_R2",1,"challenge","PR","child_behavior",1,2,0,3,1,1,1
"S028","A","wording_1","S028_R2",1,"challenge","PR","self_handling",1,3,-2,3,1,2,1
"S028","A","wording_1","S028_R2",1,"challenge","PR","post_feedback",1,4,-3,-1,1,1,2
"S028","A","wording_1","S028_R3",2,"baseline","none","child_behavior",0,2,-3,3,2,1,1
"S028","A","wording_1","S028_R3",2,"baseline","none","self_handling",0,3,0,1,1,1,2
"S028","A","wording_1","S028_R3",2,"baseline","none","post_feedback",0,4,1,2,3,2,1
"S028","A","wording_1","S028_R4",2,"challenge","NR","child_behavior",1,2,-1,0,1,2,1
"S028","A","wording_1","S028_R4",2,"challenge","NR","self_handling",1,2,-2,2,3,1,3
"S028","A","wording_1","S028_R4",2,"challenge","NR","post_feedback",1,4,1,2,1,1,2
"S028","A","wording_1","S028_R5",3,"baseline","none","child_behavior",0,4,-2,4,3,1,2
"S028","A","wording_1","S028_R5",3,"baseline","none","self_handling",0,4,-2,3,1,1,2
"S028","A","wording_1","S028_R5",3,"baseline","none","post_feedback",0,2,-2,4,2,1,1
"S028","A","wording_1","S028_R6",3,"challenge","AR","child_behavior",1,2,-2,1,1,1,1
"S028","A","wording_1","S028_R6",3,"challenge","AR","self_handling",1,3,-2,1,1,1,2
"S028","A","wording_1","S028_R6",3,"challenge","AR","post_feedback",1,4,1,2,1,1,3
"S029","B","wording_1","S029_R1",1,"baseline","none","child_behavior",0,4,-3,-1,1,2,1
"S029","B","wording_1","S029_R1",1,"baseline","none","self_handling",0,2,-4,3,1,2,1
"S029","B","wording_1","S029_R1",1,"baseline","none","post_feedback",0,1,-2,1,1,1,1
"S029","B","wording_1","S029_R2",1,"challenge","NR","child_behavior",1,-1,-4,1,3,3,1
"S029","B","wording_1","S029_R2",1,"challenge","NR","self_handling",1,3,-4,1,1,5,1
"S029","B","wording_1","S029_R2",1,"challenge","NR","post_feedback",1,0,-1,1,2,5,1
"S029","B","wording_1","S029_R3",2,"baseline","none","child_behavior",0,2,-3,1,1,4,2
"S029","B","wording_1","S029_R3",2,"baseline","none","self_handling",0,1,-4,2,1,4,1
"S029","B","wording_1","S029_R3",2,"baseline","none","post_feedback",0,3,-1,1,1,4,1
"S029","B","wording_1","S029_R4",2,"challenge","AR","child_behavior",1,2,-4,-1,1,4,1
"S029","B","wording_1","S029_R4",2,"challenge","AR","self_handling",1,2,-3,1,1,4,1
"S029","B","wording_1","S029_R4",2,"challenge","AR","post_feedback",1,0,-2,0,1,5,1
"S029","B","wording_1","S029_R5",3,"baseline","none","child_behavior",0,2,-4,1,1,5,1
"S029","B","wording_1","S029_R5",3,"baseline","none","self_handling",0,0,-4,1,1,2,1
"S029","B","wording_1","S029_R5",3,"baseline","none","post_feedback",0,1,-3,1,1,2,1
"S029","B","wording_1","S029_R6",3,"challenge","PR","child_behavior",1,3,-3,0,1,5,1
"S029","B","wording_1","S029_R6",3,"challenge","PR","self_handling",1,4,-3,0,1,5,2
"S029","B","wording_1","S029_R6",3,"challenge","PR","post_feedback",1,4,-3,1,1,2,1
"S030","C","wording_1","S030_R1",1,"baseline","none","child_behavior",0,4,-2,4,1,1,1
"S030","C","wording_1","S030_R1",1,"baseline","none","self_handling",0,4,-2,1,1,1,1
"S030","C","wording_1","S030_R1",1,"baseline","none","post_feedback",0,4,-1,4,1,2,1
"S030","C","wording_1","S030_R2",1,"challenge","AR","child_behavior",1,4,1,2,1,4,1
"S030","C","wording_1","S030_R2",1,"challenge","AR","self_handling",1,4,2,0,1,3,1
"S030","C","wording_1","S030_R2",1,"challenge","AR","post_feedback",1,3,2,0,1,1,1
"S030","C","wording_1","S030_R3",2,"baseline","none","child_behavior",0,4,0,3,1,1,1
"S030","C","wording_1","S030_R3",2,"baseline","none","self_handling",0,4,-2,4,1,1,1
"S030","C","wording_1","S030_R3",2,"baseline","none","post_feedback",0,4,1,4,1,1,1
"S030","C","wording_1","S030_R4",2,"challenge","PR","child_behavior",1,2,2,1,1,2,1
"S030","C","wording_1","S030_R4",2,"challenge","PR","self_handling",1,4,0,3,1,2,1
"S030","C","wording_1","S030_R4",2,"challenge","PR","post_feedback",1,3,1,2,1,1,1
"S030","C","wording_1","S030_R5",3,"baseline","none","child_behavior",0,4,-1,1,1,1,1
"S030","C","wording_1","S030_R5",3,"baseline","none","self_handling",0,4,0,4,1,1,1
"S030","C","wording_1","S030_R5",3,"baseline","none","post_feedback",0,4,0,3,1,1,1
"S030","C","wording_1","S030_R6",3,"challenge","NR","child_behavior",1,4,2,1,1,3,1
"S030","C","wording_1","S030_R6",3,"challenge","NR","self_handling",1,4,0,1,1,2,1
"S030","C","wording_1","S030_R6",3,"challenge","NR","post_feedback",1,4,0,3,1,1,1
"S031","A","wording_2","S031_R1",1,"baseline","none","child_behavior",0,3,-3,-1,1,1,1
"S031","A","wording_2","S031_R1",1,"baseline","none","self_handling",0,4,0,-1,1,1,1
"S031","A","wording_2","S031_R1",1,"baseline","none","post_feedback",0,4,-4,-2,1,1,1
"S031","A","wording_2","S031_R2",1,"challenge","PR","child_behavior",1,0,-1,-1,1,1,1
"S031","A","wording_2","S031_R2",1,"challenge","PR","self_handling",1,2,1,-3,1,1,1
"S031","A","wording_2","S031_R2",1,"challenge","PR","post_feedback",1,0,-2,-2,1,1,1
"S031","A","wording_2","S031_R3",2,"baseline","none","child_behavior",0,4,-2,3,1,1,1
"S031","A","wording_2","S031_R3",2,"baseline","none","self_handling",0,3,1,-1,1,1,1
"S031","A","wording_2","S031_R3",2,"baseline","none","post_feedback",0,4,-1,0,1,1,1
"S031","A","wording_2","S031_R4",2,"challenge","NR","child_behavior",1,-2,-1,-1,1,1,1
"S031","A","wording_2","S031_R4",2,"challenge","NR","self_handling",1,1,-1,0,1,1,1
"S031","A","wording_2","S031_R4",2,"challenge","NR","post_feedback",1,2,-2,-1,1,1,1
"S031","A","wording_2","S031_R5",3,"baseline","none","child_behavior",0,4,-1,0,1,1,1
"S031","A","wording_2","S031_R5",3,"baseline","none","self_handling",0,4,-3,0,1,1,1
"S031","A","wording_2","S031_R5",3,"baseline","none","post_feedback",0,4,-2,-1,1,1,1
"S031","A","wording_2","S031_R6",3,"challenge","AR","child_behavior",1,1,1,-2,1,1,1
"S031","A","wording_2","S031_R6",3,"challenge","AR","self_handling",1,2,0,-4,1,1,4
"S031","A","wording_2","S031_R6",3,"challenge","AR","post_feedback",1,2,0,1,1,1,1
"S032","B","wording_2","S032_R1",1,"baseline","none","child_behavior",0,2,-3,3,5,1,1
"S032","B","wording_2","S032_R1",1,"baseline","none","self_handling",0,0,-3,3,3,1,1
"S032","B","wording_2","S032_R1",1,"baseline","none","post_feedback",0,2,-2,2,4,1,1
"S032","B","wording_2","S032_R2",1,"challenge","NR","child_behavior",1,2,-3,2,5,2,1
"S032","B","wording_2","S032_R2",1,"challenge","NR","self_handling",1,4,-4,1,3,3,1
"S032","B","wording_2","S032_R2",1,"challenge","NR","post_feedback",1,2,-3,1,3,1,1
"S032","B","wording_2","S032_R3",2,"baseline","none","child_behavior",0,2,-2,2,3,1,1
"S032","B","wording_2","S032_R3",2,"baseline","none","self_handling",0,0,-1,3,5,1,1
"S032","B","wording_2","S032_R3",2,"baseline","none","post_feedback",0,3,-2,2,3,1,1
"S032","B","wording_2","S032_R4",2,"challenge","AR","child_behavior",1,2,-3,1,5,1,1
"S032","B","wording_2","S032_R4",2,"challenge","AR","self_handling",1,2,-1,2,3,2,1
"S032","B","wording_2","S032_R4",2,"challenge","AR","post_feedback",1,3,-3,3,3,1,1
"S032","B","wording_2","S032_R5",3,"baseline","none","child_behavior",0,1,0,1,1,1,1
"S032","B","wording_2","S032_R5",3,"baseline","none","self_handling",0,4,-3,1,2,1,1
"S032","B","wording_2","S032_R5",3,"baseline","none","post_feedback",0,3,-1,0,3,1,1
"S032","B","wording_2","S032_R6",3,"challenge","PR","child_behavior",1,2,-4,2,5,4,1
"S032","B","wording_2","S032_R6",3,"challenge","PR","self_handling",1,4,0,4,4,1,1
"S032","B","wording_2","S032_R6",3,"challenge","PR","post_feedback",1,4,-2,1,4,1,1
"S033","C","wording_1","S033_R1",1,"baseline","none","child_behavior",0,1,-3,2,1,1,2
"S033","C","wording_1","S033_R1",1,"baseline","none","self_handling",0,4,-2,4,1,1,1
"S033","C","wording_1","S033_R1",1,"baseline","none","post_feedback",0,4,-1,1,1,1,1
"S033","C","wording_1","S033_R2",1,"challenge","AR","child_behavior",1,2,2,1,1,2,1
"S033","C","wording_1","S033_R2",1,"challenge","AR","self_handling",1,1,-1,4,1,1,1
"S033","C","wording_1","S033_R2",1,"challenge","AR","post_feedback",1,2,-1,1,1,1,2
"S033","C","wording_1","S033_R3",2,"baseline","none","child_behavior",0,3,0,2,1,1,1
"S033","C","wording_1","S033_R3",2,"baseline","none","self_handling",0,2,-1,0,1,1,1
"S033","C","wording_1","S033_R3",2,"baseline","none","post_feedback",0,4,-1,2,1,1,1
"S033","C","wording_1","S033_R4",2,"challenge","PR","child_behavior",1,0,0,1,1,1,2
"S033","C","wording_1","S033_R4",2,"challenge","PR","self_handling",1,2,-1,3,1,1,1
"S033","C","wording_1","S033_R4",2,"challenge","PR","post_feedback",1,4,0,4,1,1,1
"S033","C","wording_1","S033_R5",3,"baseline","none","child_behavior",0,2,-1,4,1,1,1
"S033","C","wording_1","S033_R5",3,"baseline","none","self_handling",0,4,-3,3,1,1,1
"S033","C","wording_1","S033_R5",3,"baseline","none","post_feedback",0,3,-2,2,1,1,1
"S033","C","wording_1","S033_R6",3,"challenge","NR","child_behavior",1,-1,-2,3,1,1,1
"S033","C","wording_1","S033_R6",3,"challenge","NR","self_handling",1,0,-1,2,1,1,1
"S033","C","wording_1","S033_R6",3,"challenge","NR","post_feedback",1,1,-2,1,1,1,1
"S034","A","wording_1","S034_R1",1,"baseline","none","child_behavior",0,1,0,1,1,1,4
"S034","A","wording_1","S034_R1",1,"baseline","none","self_handling",0,0,2,2,1,1,1
"S034","A","wording_1","S034_R1",1,"baseline","none","post_feedback",0,2,-1,3,1,1,4
"S034","A","wording_1","S034_R2",1,"challenge","PR","child_behavior",1,1,3,2,1,2,1
"S034","A","wording_1","S034_R2",1,"challenge","PR","self_handling",1,2,-1,4,1,2,1
"S034","A","wording_1","S034_R2",1,"challenge","PR","post_feedback",1,2,3,4,1,1,1
"S034","A","wording_1","S034_R3",2,"baseline","none","child_behavior",0,2,0,3,2,1,2
"S034","A","wording_1","S034_R3",2,"baseline","none","self_handling",0,3,1,4,2,1,2
"S034","A","wording_1","S034_R3",2,"baseline","none","post_feedback",0,3,0,4,2,1,1
"S034","A","wording_1","S034_R4",2,"challenge","NR","child_behavior",1,0,0,3,3,3,1
"S034","A","wording_1","S034_R4",2,"challenge","NR","self_handling",1,4,2,4,2,1,4
"S034","A","wording_1","S034_R4",2,"challenge","NR","post_feedback",1,1,0,1,1,1,2
"S034","A","wording_1","S034_R5",3,"baseline","none","child_behavior",0,1,2,3,2,2,2
"S034","A","wording_1","S034_R5",3,"baseline","none","self_handling",0,4,-1,2,1,1,2
"S034","A","wording_1","S034_R5",3,"baseline","none","post_feedback",0,1,1,3,1,1,1
"S034","A","wording_1","S034_R6",3,"challenge","AR","child_behavior",1,1,3,2,1,1,1
"S034","A","wording_1","S034_R6",3,"challenge","AR","self_handling",1,2,1,0,2,3,3
"S034","A","wording_1","S034_R6",3,"challenge","AR","post_feedback",1,4,2,2,1,1,1
"S035","B","wording_1","S035_R1",1,"baseline","none","child_behavior",0,4,0,1,1,3,1
"S035","B","wording_1","S035_R1",1,"baseline","none","self_handling",0,4,0,1,1,3,1
"S035","B","wording_1","S035_R1",1,"baseline","none","post_feedback",0,4,2,0,1,4,1
"S035","B","wording_1","S035_R2",1,"challenge","NR","child_behavior",1,-2,-1,-1,4,5,1
"S035","B","wording_1","S035_R2",1,"challenge","NR","self_handling",1,4,-1,-1,3,5,1
"S035","B","wording_1","S035_R2",1,"challenge","NR","post_feedback",1,4,-2,0,2,5,1
"S035","B","wording_1","S035_R3",2,"baseline","none","child_behavior",0,4,-2,3,1,3,1
"S035","B","wording_1","S035_R3",2,"baseline","none","self_handling",0,4,-1,2,1,5,1
"S035","B","wording_1","S035_R3",2,"baseline","none","post_feedback",0,4,-2,1,1,3,1
"S035","B","wording_1","S035_R4",2,"challenge","AR","child_behavior",1,4,1,0,1,5,1
"S035","B","wording_1","S035_R4",2,"challenge","AR","self_handling",1,3,1,0,4,5,1
"S035","B","wording_1","S035_R4",2,"challenge","AR","post_feedback",1,4,0,1,2,3,1
"S035","B","wording_1","S035_R5",3,"baseline","none","child_behavior",0,4,-3,1,1,3,1
"S035","B","wording_1","S035_R5",3,"baseline","none","self_handling",0,4,-1,4,1,3,1
"S035","B","wording_1","S035_R5",3,"baseline","none","post_feedback",0,4,0,1,1,1,2
"S035","B","wording_1","S035_R6",3,"challenge","PR","child_behavior",1,3,-1,0,3,5,1
"S035","B","wording_1","S035_R6",3,"challenge","PR","self_handling",1,3,1,1,4,5,1
"S035","B","wording_1","S035_R6",3,"challenge","PR","post_feedback",1,4,-2,-1,3,5,1
"S036","C","wording_1","S036_R1",1,"baseline","none","child_behavior",0,0,2,3,3,1,1
"S036","C","wording_1","S036_R1",1,"baseline","none","self_handling",0,2,3,4,1,1,1
"S036","C","wording_1","S036_R1",1,"baseline","none","post_feedback",0,1,3,3,2,1,1
"S036","C","wording_1","S036_R2",1,"challenge","AR","child_behavior",1,-3,3,3,2,2,1
"S036","C","wording_1","S036_R2",1,"challenge","AR","self_handling",1,0,2,4,2,3,1
"S036","C","wording_1","S036_R2",1,"challenge","AR","post_feedback",1,2,4,3,1,1,1
"S036","C","wording_1","S036_R3",2,"baseline","none","child_behavior",0,0,3,4,1,1,1
"S036","C","wording_1","S036_R3",2,"baseline","none","self_handling",0,4,3,4,4,1,1
"S036","C","wording_1","S036_R3",2,"baseline","none","post_feedback",0,4,2,3,1,1,1
"S036","C","wording_1","S036_R4",2,"challenge","PR","child_behavior",1,1,2,2,2,3,1
"S036","C","wording_1","S036_R4",2,"challenge","PR","self_handling",1,1,2,1,1,2,1
"S036","C","wording_1","S036_R4",2,"challenge","PR","post_feedback",1,0,2,2,2,1,1
"S036","C","wording_1","S036_R5",3,"baseline","none","child_behavior",0,0,3,4,1,1,1
"S036","C","wording_1","S036_R5",3,"baseline","none","self_handling",0,1,3,4,1,1,1
"S036","C","wording_1","S036_R5",3,"baseline","none","post_feedback",0,1,3,3,2,2,1
"S036","C","wording_1","S036_R6",3,"challenge","NR","child_behavior",1,2,4,3,1,3,1
"S036","C","wording_1","S036_R6",3,"challenge","NR","self_handling",1,2,2,3,2,3,1
"S036","C","wording_1","S036_R6",3,"challenge","NR","post_feedback",1,1,1,1,1,1,1
"S037","A","wording_2","S037_R1",1,"baseline","none","child_behavior",0,2,2,0,1,1,3
"S037","A","wording_2","S037_R1",1,"baseline","none","self_handling",0,1,4,2,1,1,1
"S037","A","wording_2","S037_R1",1,"baseline","none","post_feedback",0,0,3,1,2,2,1
"S037","A","wording_2","S037_R2",1,"challenge","PR","child_behavior",1,-1,2,0,1,1,1
"S037","A","wording_2","S037_R2",1,"challenge","PR","self_handling",1,-1,3,-1,2,1,1
"S037","A","wording_2","S037_R2",1,"challenge","PR","post_feedback",1,-1,2,2,1,2,1
"S037","A","wording_2","S037_R3",2,"baseline","none","child_behavior",0,0,3,2,1,2,1
"S037","A","wording_2","S037_R3",2,"baseline","none","self_handling",0,0,4,1,1,1,1
"S037","A","wording_2","S037_R3",2,"baseline","none","post_feedback",0,-1,3,-1,1,1,1
"S037","A","wording_2","S037_R4",2,"challenge","NR","child_behavior",1,-1,4,-3,2,2,1
"S037","A","wording_2","S037_R4",2,"challenge","NR","self_handling",1,1,4,1,3,2,1
"S037","A","wording_2","S037_R4",2,"challenge","NR","post_feedback",1,0,4,0,3,1,1
"S037","A","wording_2","S037_R5",3,"baseline","none","child_behavior",0,2,3,1,1,1,1
"S037","A","wording_2","S037_R5",3,"baseline","none","self_handling",0,1,4,0,1,1,1
"S037","A","wording_2","S037_R5",3,"baseline","none","post_feedback",0,1,4,0,2,1,1
"S037","A","wording_2","S037_R6",3,"challenge","AR","child_behavior",1,-1,3,-2,1,1,1
"S037","A","wording_2","S037_R6",3,"challenge","AR","self_handling",1,2,1,0,1,2,1
"S037","A","wording_2","S037_R6",3,"challenge","AR","post_feedback",1,0,4,-1,2,2,1
"S038","B","wording_2","S038_R1",1,"baseline","none","child_behavior",0,2,-2,1,1,1,1
"S038","B","wording_2","S038_R1",1,"baseline","none","self_handling",0,4,-2,0,1,1,1
"S038","B","wording_2","S038_R1",1,"baseline","none","post_feedback",0,2,-3,1,1,1,1
"S038","B","wording_2","S038_R2",1,"challenge","NR","child_behavior",1,-2,0,-1,1,1,1
"S038","B","wording_2","S038_R2",1,"challenge","NR","self_handling",1,3,-1,-2,1,1,1
"S038","B","wording_2","S038_R2",1,"challenge","NR","post_feedback",1,3,0,1,1,1,1
"S038","B","wording_2","S038_R3",2,"baseline","none","child_behavior",0,4,-3,-1,1,1,1
"S038","B","wording_2","S038_R3",2,"baseline","none","self_handling",0,3,-2,0,1,1,1
"S038","B","wording_2","S038_R3",2,"baseline","none","post_feedback",0,3,-3,-1,1,1,1
"S038","B","wording_2","S038_R4",2,"challenge","AR","child_behavior",1,0,-2,0,1,1,1
"S038","B","wording_2","S038_R4",2,"challenge","AR","self_handling",1,1,-3,1,1,1,1
"S038","B","wording_2","S038_R4",2,"challenge","AR","post_feedback",1,2,-1,1,1,1,1
"S038","B","wording_2","S038_R5",3,"baseline","none","child_behavior",0,3,-2,-1,1,1,1
"S038","B","wording_2","S038_R5",3,"baseline","none","self_handling",0,2,0,0,1,1,1
"S038","B","wording_2","S038_R5",3,"baseline","none","post_feedback",0,3,-4,1,1,1,1
"S038","B","wording_2","S038_R6",3,"challenge","PR","child_behavior",1,3,1,1,1,1,1
"S038","B","wording_2","S038_R6",3,"challenge","PR","self_handling",1,3,-3,1,1,1,1
"S038","B","wording_2","S038_R6",3,"challenge","PR","post_feedback",1,1,-1,3,1,1,1
"S039","C","wording_2","S039_R1",1,"baseline","none","child_behavior",0,4,-1,4,1,1,1
"S039","C","wording_2","S039_R1",1,"baseline","none","self_handling",0,4,0,4,1,1,2
"S039","C","wording_2","S039_R1",1,"baseline","none","post_feedback",0,2,-1,2,1,1,1
"S039","C","wording_2","S039_R2",1,"challenge","AR","child_behavior",1,2,1,1,1,5,1
"S039","C","wording_2","S039_R2",1,"challenge","AR","self_handling",1,4,-2,4,1,3,1
"S039","C","wording_2","S039_R2",1,"challenge","AR","post_feedback",1,2,0,1,1,2,1
"S039","C","wording_2","S039_R3",2,"baseline","none","child_behavior",0,2,-3,4,1,1,1
"S039","C","wording_2","S039_R3",2,"baseline","none","self_handling",0,4,-2,4,1,1,2
"S039","C","wording_2","S039_R3",2,"baseline","none","post_feedback",0,3,0,2,1,1,3
"S039","C","wording_2","S039_R4",2,"challenge","PR","child_behavior",1,0,0,3,1,2,1
"S039","C","wording_2","S039_R4",2,"challenge","PR","self_handling",1,2,-1,1,3,1,1
"S039","C","wording_2","S039_R4",2,"challenge","PR","post_feedback",1,4,-1,1,1,1,1
"S039","C","wording_2","S039_R5",3,"baseline","none","child_behavior",0,4,0,3,1,1,1
"S039","C","wording_2","S039_R5",3,"baseline","none","self_handling",0,3,1,3,1,1,3
"S039","C","wording_2","S039_R5",3,"baseline","none","post_feedback",0,1,-3,2,1,1,1
"S039","C","wording_2","S039_R6",3,"challenge","NR","child_behavior",1,-1,0,1,1,1,2
"S039","C","wording_2","S039_R6",3,"challenge","NR","self_handling",1,2,-3,4,1,1,2
"S039","C","wording_2","S039_R6",3,"challenge","NR","post_feedback",1,2,0,4,1,2,2
"S040","A","wording_1","S040_R1",1,"baseline","none","child_behavior",0,3,1,2,1,1,1
"S040","A","wording_1","S040_R1",1,"baseline","none","self_handling",0,4,-1,3,1,1,1
"S040","A","wording_1","S040_R1",1,"baseline","none","post_feedback",0,2,1,0,2,1,1
"S040","A","wording_1","S040_R2",1,"challenge","PR","child_behavior",1,1,0,2,4,2,1
"S040","A","wording_1","S040_R2",1,"challenge","PR","self_handling",1,2,-2,4,4,1,1
"S040","A","wording_1","S040_R2",1,"challenge","PR","post_feedback",1,2,-2,0,3,2,1
"S040","A","wording_1","S040_R3",2,"baseline","none","child_behavior",0,2,0,1,1,1,1
"S040","A","wording_1","S040_R3",2,"baseline","none","self_handling",0,1,-1,3,2,1,1
"S040","A","wording_1","S040_R3",2,"baseline","none","post_feedback",0,4,0,2,2,1,1
"S040","A","wording_1","S040_R4",2,"challenge","NR","child_behavior",1,1,3,2,4,2,1
"S040","A","wording_1","S040_R4",2,"challenge","NR","self_handling",1,4,0,1,4,2,1
"S040","A","wording_1","S040_R4",2,"challenge","NR","post_feedback",1,3,0,3,1,2,1
"S040","A","wording_1","S040_R5",3,"baseline","none","child_behavior",0,3,1,3,1,1,3
"S040","A","wording_1","S040_R5",3,"baseline","none","self_handling",0,2,2,3,2,1,1
"S040","A","wording_1","S040_R5",3,"baseline","none","post_feedback",0,2,-3,2,1,1,1
"S040","A","wording_1","S040_R6",3,"challenge","AR","child_behavior",1,2,2,2,5,3,1
"S040","A","wording_1","S040_R6",3,"challenge","AR","self_handling",1,3,0,2,4,1,1
"S040","A","wording_1","S040_R6",3,"challenge","AR","post_feedback",1,4,1,4,4,1,1
"S041","B","wording_2","S041_R1",1,"baseline","none","child_behavior",0,2,-3,4,1,1,1
"S041","B","wording_2","S041_R1",1,"baseline","none","self_handling",0,3,-2,1,1,1,1
"S041","B","wording_2","S041_R1",1,"baseline","none","post_feedback",0,1,0,0,1,1,2
"S041","B","wording_2","S041_R2",1,"challenge","NR","child_behavior",1,1,1,0,1,1,1
"S041","B","wording_2","S041_R2",1,"challenge","NR","self_handling",1,3,-2,-1,1,1,1
"S041","B","wording_2","S041_R2",1,"challenge","NR","post_feedback",1,1,0,-1,1,1,1
"S041","B","wording_2","S041_R3",2,"baseline","none","child_behavior",0,0,-1,-1,1,1,1
"S041","B","wording_2","S041_R3",2,"baseline","none","self_handling",0,4,-3,0,1,1,1
"S041","B","wording_2","S041_R3",2,"baseline","none","post_feedback",0,2,-2,0,1,1,1
"S041","B","wording_2","S041_R4",2,"challenge","AR","child_behavior",1,2,1,-2,2,1,1
"S041","B","wording_2","S041_R4",2,"challenge","AR","self_handling",1,3,-2,2,3,1,1
"S041","B","wording_2","S041_R4",2,"challenge","AR","post_feedback",1,1,-3,-1,1,1,1
"S041","B","wording_2","S041_R5",3,"baseline","none","child_behavior",0,1,-1,2,1,1,1
"S041","B","wording_2","S041_R5",3,"baseline","none","self_handling",0,2,-2,1,1,1,1
"S041","B","wording_2","S041_R5",3,"baseline","none","post_feedback",0,1,-2,1,1,1,1
"S041","B","wording_2","S041_R6",3,"challenge","PR","child_behavior",1,0,-1,-2,2,1,1
"S041","B","wording_2","S041_R6",3,"challenge","PR","self_handling",1,1,-4,-3,2,1,1
"S041","B","wording_2","S041_R6",3,"challenge","PR","post_feedback",1,4,-1,1,1,1,1
"S042","C","wording_1","S042_R1",1,"baseline","none","child_behavior",0,4,1,4,1,3,1
"S042","C","wording_1","S042_R1",1,"baseline","none","self_handling",0,3,3,4,1,4,1
"S042","C","wording_1","S042_R1",1,"baseline","none","post_feedback",0,4,4,3,1,2,1
"S042","C","wording_1","S042_R2",1,"challenge","AR","child_behavior",1,0,4,-1,1,5,1
"S042","C","wording_1","S042_R2",1,"challenge","AR","self_handling",1,3,2,0,1,4,1
"S042","C","wording_1","S042_R2",1,"challenge","AR","post_feedback",1,4,1,1,1,4,1
"S042","C","wording_1","S042_R3",2,"baseline","none","child_behavior",0,3,1,1,1,3,1
"S042","C","wording_1","S042_R3",2,"baseline","none","self_handling",0,2,2,2,1,4,1
"S042","C","wording_1","S042_R3",2,"baseline","none","post_feedback",0,1,1,3,1,2,1
"S042","C","wording_1","S042_R4",2,"challenge","PR","child_behavior",1,2,2,-1,1,5,1
"S042","C","wording_1","S042_R4",2,"challenge","PR","self_handling",1,1,1,0,1,4,1
"S042","C","wording_1","S042_R4",2,"challenge","PR","post_feedback",1,4,4,1,1,4,1
"S042","C","wording_1","S042_R5",3,"baseline","none","child_behavior",0,3,1,2,1,3,1
"S042","C","wording_1","S042_R5",3,"baseline","none","self_handling",0,1,2,2,1,3,1
"S042","C","wording_1","S042_R5",3,"baseline","none","post_feedback",0,4,2,4,1,4,1
"S042","C","wording_1","S042_R6",3,"challenge","NR","child_behavior",1,2,3,0,1,5,1
"S042","C","wording_1","S042_R6",3,"challenge","NR","self_handling",1,0,1,3,1,5,1
"S042","C","wording_1","S042_R6",3,"challenge","NR","post_feedback",1,3,2,1,1,4,1
"S043","A","wording_1","S043_R1",1,"baseline","none","child_behavior",0,4,2,4,2,2,1
"S043","A","wording_1","S043_R1",1,"baseline","none","self_handling",0,4,0,1,2,1,1
"S043","A","wording_1","S043_R1",1,"baseline","none","post_feedback",0,4,4,0,2,1,1
"S043","A","wording_1","S043_R2",1,"challenge","PR","child_behavior",1,4,0,0,3,2,1
"S043","A","wording_1","S043_R2",1,"challenge","PR","self_handling",1,4,0,0,4,3,1
"S043","A","wording_1","S043_R2",1,"challenge","PR","post_feedback",1,4,-1,1,1,3,1
"S043","A","wording_1","S043_R3",2,"baseline","none","child_behavior",0,4,2,2,1,1,1
"S043","A","wording_1","S043_R3",2,"baseline","none","self_handling",0,4,4,1,1,2,1
"S043","A","wording_1","S043_R3",2,"baseline","none","post_feedback",0,4,0,2,1,1,1
"S043","A","wording_1","S043_R4",2,"challenge","NR","child_behavior",1,3,0,-2,2,1,1
"S043","A","wording_1","S043_R4",2,"challenge","NR","self_handling",1,4,-1,0,3,3,1
"S043","A","wording_1","S043_R4",2,"challenge","NR","post_feedback",1,4,-2,3,1,2,1
"S043","A","wording_1","S043_R5",3,"baseline","none","child_behavior",0,4,2,1,1,1,1
"S043","A","wording_1","S043_R5",3,"baseline","none","self_handling",0,4,-1,1,1,1,1
"S043","A","wording_1","S043_R5",3,"baseline","none","post_feedback",0,3,-2,3,2,1,1
"S043","A","wording_1","S043_R6",3,"challenge","AR","child_behavior",1,4,-1,4,3,3,1
"S043","A","wording_1","S043_R6",3,"challenge","AR","self_handling",1,4,-1,1,2,2,1
"S043","A","wording_1","S043_R6",3,"challenge","AR","post_feedback",1,3,-2,1,3,1,1
"S044","B","wording_1","S044_R1",1,"baseline","none","child_behavior",0,-2,-1,4,5,1,1
"S044","B","wording_1","S044_R1",1,"baseline","none","self_handling",0,0,-2,2,1,1,1
"S044","B","wording_1","S044_R1",1,"baseline","none","post_feedback",0,0,0,3,2,1,1
"S044","B","wording_1","S044_R2",1,"challenge","NR","child_behavior",1,-4,1,-1,2,1,1
"S044","B","wording_1","S044_R2",1,"challenge","NR","self_handling",1,1,0,2,2,2,1
"S044","B","wording_1","S044_R2",1,"challenge","NR","post_feedback",1,-3,0,3,1,1,1
"S044","B","wording_1","S044_R3",2,"baseline","none","child_behavior",0,-1,-1,2,1,1,1
"S044","B","wording_1","S044_R3",2,"baseline","none","self_handling",0,0,-2,3,1,1,1
"S044","B","wording_1","S044_R3",2,"baseline","none","post_feedback",0,1,-2,3,1,1,1
"S044","B","wording_1","S044_R4",2,"challenge","AR","child_behavior",1,-2,0,2,2,1,1
"S044","B","wording_1","S044_R4",2,"challenge","AR","self_handling",1,2,-1,2,2,1,1
"S044","B","wording_1","S044_R4",2,"challenge","AR","post_feedback",1,0,-1,2,1,1,1
"S044","B","wording_1","S044_R5",3,"baseline","none","child_behavior",0,-1,-2,4,1,1,3
"S044","B","wording_1","S044_R5",3,"baseline","none","self_handling",0,-1,-2,2,1,2,1
"S044","B","wording_1","S044_R5",3,"baseline","none","post_feedback",0,-1,-3,4,2,1,1
"S044","B","wording_1","S044_R6",3,"challenge","PR","child_behavior",1,-1,0,1,2,2,1
"S044","B","wording_1","S044_R6",3,"challenge","PR","self_handling",1,-1,0,2,2,1,1
"S044","B","wording_1","S044_R6",3,"challenge","PR","post_feedback",1,0,0,3,1,1,1
"S045","C","wording_2","S045_R1",1,"baseline","none","child_behavior",0,2,-3,3,3,1,1
"S045","C","wording_2","S045_R1",1,"baseline","none","self_handling",0,4,-2,2,1,1,1
"S045","C","wording_2","S045_R1",1,"baseline","none","post_feedback",0,4,1,4,1,1,1
"S045","C","wording_2","S045_R2",1,"challenge","AR","child_behavior",1,4,2,1,5,3,1
"S045","C","wording_2","S045_R2",1,"challenge","AR","self_handling",1,3,-2,1,2,2,1
"S045","C","wording_2","S045_R2",1,"challenge","AR","post_feedback",1,4,-1,3,4,1,1
"S045","C","wording_2","S045_R3",2,"baseline","none","child_behavior",0,2,-1,3,3,1,2
"S045","C","wording_2","S045_R3",2,"baseline","none","self_handling",0,4,-3,-1,3,1,1
"S045","C","wording_2","S045_R3",2,"baseline","none","post_feedback",0,4,0,1,4,1,1
"S045","C","wording_2","S045_R4",2,"challenge","PR","child_behavior",1,4,-2,0,4,1,1
"S045","C","wording_2","S045_R4",2,"challenge","PR","self_handling",1,2,-1,1,5,1,1
"S045","C","wording_2","S045_R4",2,"challenge","PR","post_feedback",1,4,0,3,1,2,1
"S045","C","wording_2","S045_R5",3,"baseline","none","child_behavior",0,4,-1,0,3,1,3
"S045","C","wording_2","S045_R5",3,"baseline","none","self_handling",0,4,1,2,5,1,2
"S045","C","wording_2","S045_R5",3,"baseline","none","post_feedback",0,4,-1,-2,3,1,1
"S045","C","wording_2","S045_R6",3,"challenge","NR","child_behavior",1,1,2,0,5,1,1
"S045","C","wording_2","S045_R6",3,"challenge","NR","self_handling",1,2,0,2,3,3,1
"S045","C","wording_2","S045_R6",3,"challenge","NR","post_feedback",1,3,-1,1,4,1,1
"S046","A","wording_1","S046_R1",1,"baseline","none","child_behavior",0,2,-1,3,1,1,1
"S046","A","wording_1","S046_R1",1,"baseline","none","self_handling",0,1,-1,4,2,1,1
"S046","A","wording_1","S046_R1",1,"baseline","none","post_feedback",0,1,-1,3,1,1,1
"S046","A","wording_1","S046_R2",1,"challenge","PR","child_behavior",1,3,-1,3,4,4,1
"S046","A","wording_1","S046_R2",1,"challenge","PR","self_handling",1,1,-2,3,4,2,1
"S046","A","wording_1","S046_R2",1,"challenge","PR","post_feedback",1,2,1,3,4,2,1
"S046","A","wording_1","S046_R3",2,"baseline","none","child_behavior",0,3,-2,4,4,1,1
"S046","A","wording_1","S046_R3",2,"baseline","none","self_handling",0,3,0,3,3,1,1
"S046","A","wording_1","S046_R3",2,"baseline","none","post_feedback",0,4,1,4,4,1,1
"S046","A","wording_1","S046_R4",2,"challenge","NR","child_behavior",1,0,-2,0,3,1,1
"S046","A","wording_1","S046_R4",2,"challenge","NR","self_handling",1,3,-2,3,5,1,1
"S046","A","wording_1","S046_R4",2,"challenge","NR","post_feedback",1,3,-2,3,4,2,1
"S046","A","wording_1","S046_R5",3,"baseline","none","child_behavior",0,0,-1,3,3,1,1
"S046","A","wording_1","S046_R5",3,"baseline","none","self_handling",0,2,-2,3,1,1,1
"S046","A","wording_1","S046_R5",3,"baseline","none","post_feedback",0,3,0,3,2,1,1
"S046","A","wording_1","S046_R6",3,"challenge","AR","child_behavior",1,4,0,4,5,2,1
"S046","A","wording_1","S046_R6",3,"challenge","AR","self_handling",1,0,0,3,2,1,1
"S046","A","wording_1","S046_R6",3,"challenge","AR","post_feedback",1,1,-2,1,3,1,1
"S047","B","wording_2","S047_R1",1,"baseline","none","child_behavior",0,4,0,3,2,1,1
"S047","B","wording_2","S047_R1",1,"baseline","none","self_handling",0,4,0,4,1,1,1
"S047","B","wording_2","S047_R1",1,"baseline","none","post_feedback",0,3,-2,4,1,1,1
"S047","B","wording_2","S047_R2",1,"challenge","NR","child_behavior",1,-1,-1,-1,2,1,1
"S047","B","wording_2","S047_R2",1,"challenge","NR","self_handling",1,2,-2,2,1,1,1
"S047","B","wording_2","S047_R2",1,"challenge","NR","post_feedback",1,4,-1,4,1,1,1
"S047","B","wording_2","S047_R3",2,"baseline","none","child_behavior",0,2,-1,3,1,1,1
"S047","B","wording_2","S047_R3",2,"baseline","none","self_handling",0,4,0,4,1,1,1
"S047","B","wording_2","S047_R3",2,"baseline","none","post_feedback",0,4,-1,3,2,1,1
"S047","B","wording_2","S047_R4",2,"challenge","AR","child_behavior",1,3,-2,3,2,1,1
"S047","B","wording_2","S047_R4",2,"challenge","AR","self_handling",1,3,-4,0,3,1,1
"S047","B","wording_2","S047_R4",2,"challenge","AR","post_feedback",1,4,-3,1,1,1,1
"S047","B","wording_2","S047_R5",3,"baseline","none","child_behavior",0,4,0,3,1,1,1
"S047","B","wording_2","S047_R5",3,"baseline","none","self_handling",0,4,-2,3,2,1,3
"S047","B","wording_2","S047_R5",3,"baseline","none","post_feedback",0,4,0,1,1,1,1
"S047","B","wording_2","S047_R6",3,"challenge","PR","child_behavior",1,3,-2,2,2,4,1
"S047","B","wording_2","S047_R6",3,"challenge","PR","self_handling",1,3,-2,0,5,1,1
"S047","B","wording_2","S047_R6",3,"challenge","PR","post_feedback",1,4,-1,3,1,2,1
"S048","C","wording_1","S048_R1",1,"baseline","none","child_behavior",0,1,1,4,1,1,1
"S048","C","wording_1","S048_R1",1,"baseline","none","self_handling",0,4,3,4,1,1,1
"S048","C","wording_1","S048_R1",1,"baseline","none","post_feedback",0,3,3,1,1,1,1
"S048","C","wording_1","S048_R2",1,"challenge","AR","child_behavior",1,1,4,1,2,3,1
"S048","C","wording_1","S048_R2",1,"challenge","AR","self_handling",1,2,2,-1,1,5,1
"S048","C","wording_1","S048_R2",1,"challenge","AR","post_feedback",1,1,3,1,1,3,1
"S048","C","wording_1","S048_R3",2,"baseline","none","child_behavior",0,0,2,2,1,2,1
"S048","C","wording_1","S048_R3",2,"baseline","none","self_handling",0,-2,0,0,1,1,1
"S048","C","wording_1","S048_R3",2,"baseline","none","post_feedback",0,1,1,0,1,1,1
"S048","C","wording_1","S048_R4",2,"challenge","PR","child_behavior",1,0,4,0,1,5,1
"S048","C","wording_1","S048_R4",2,"challenge","PR","self_handling",1,3,4,0,1,4,1
"S048","C","wording_1","S048_R4",2,"challenge","PR","post_feedback",1,4,4,1,1,1,3
"S048","C","wording_1","S048_R5",3,"baseline","none","child_behavior",0,1,2,0,1,1,1
"S048","C","wording_1","S048_R5",3,"baseline","none","self_handling",0,-1,1,2,1,1,1
"S048","C","wording_1","S048_R5",3,"baseline","none","post_feedback",0,0,3,3,1,1,1
"S048","C","wording_1","S048_R6",3,"challenge","NR","child_behavior",1,-3,4,-1,1,2,1
"S048","C","wording_1","S048_R6",3,"challenge","NR","self_handling",1,0,3,-1,3,3,1
"S048","C","wording_1","S048_R6",3,"challenge","NR","post_feedback",1,3,4,0,1,4,1
"S049","A","wording_1","S049_R1",1,"baseline","none","child_behavior",0,3,-2,1,2,1,1
"S049","A","wording_1","S049_R1",1,"baseline","none","self_handling",0,0,-3,-1,1,1,1
"S049","A","wording_1","S049_R1",1,"baseline","none","post_feedback",0,3,-1,3,1,1,1
"S049","A","wording_1","S049_R2",1,"challenge","PR","child_behavior",1,2,-2,-1,5,1,1
"S049","A","wording_1","S049_R2",1,"challenge","PR","self_handling",1,1,-3,4,2,1,1
"S049","A","wording_1","S049_R2",1,"challenge","PR","post_feedback",1,2,-4,3,4,1,1
"S049","A","wording_1","S049_R3",2,"baseline","none","child_behavior",0,3,-1,1,1,1,1
"S049","A","wording_1","S049_R3",2,"baseline","none","self_handling",0,3,1,1,1,1,1
"S049","A","wording_1","S049_R3",2,"baseline","none","post_feedback",0,4,0,3,1,1,1
"S049","A","wording_1","S049_R4",2,"challenge","NR","child_behavior",1,0,0,4,4,1,1
"S049","A","wording_1","S049_R4",2,"challenge","NR","self_handling",1,1,-1,3,3,1,1
"S049","A","wording_1","S049_R4",2,"challenge","NR","post_feedback",1,4,-3,4,2,1,1
"S049","A","wording_1","S049_R5",3,"baseline","none","child_behavior",0,1,-2,3,1,1,2
"S049","A","wording_1","S049_R5",3,"baseline","none","self_handling",0,-1,0,1,1,1,1
"S049","A","wording_1","S049_R5",3,"baseline","none","post_feedback",0,0,-1,4,2,1,1
"S049","A","wording_1","S049_R6",3,"challenge","AR","child_behavior",1,0,-3,4,3,1,1
"S049","A","wording_1","S049_R6",3,"challenge","AR","self_handling",1,2,-3,4,3,1,1
"S049","A","wording_1","S049_R6",3,"challenge","AR","post_feedback",1,-1,-3,3,2,1,1
"S050","B","wording_1","S050_R1",1,"baseline","none","child_behavior",0,-1,3,3,1,1,1
"S050","B","wording_1","S050_R1",1,"baseline","none","self_handling",0,1,0,3,2,1,1
"S050","B","wording_1","S050_R1",1,"baseline","none","post_feedback",0,2,2,4,1,1,4
"S050","B","wording_1","S050_R2",1,"challenge","NR","child_behavior",1,-1,1,2,3,1,1
"S050","B","wording_1","S050_R2",1,"challenge","NR","self_handling",1,0,3,0,2,1,1
"S050","B","wording_1","S050_R2",1,"challenge","NR","post_feedback",1,-1,-1,1,1,1,2
"S050","B","wording_1","S050_R3",2,"baseline","none","child_behavior",0,4,-1,1,1,1,1
"S050","B","wording_1","S050_R3",2,"baseline","none","self_handling",0,2,0,3,1,1,2
"S050","B","wording_1","S050_R3",2,"baseline","none","post_feedback",0,2,-2,2,1,1,1
"S050","B","wording_1","S050_R4",2,"challenge","AR","child_behavior",1,1,1,2,2,1,1
"S050","B","wording_1","S050_R4",2,"challenge","AR","self_handling",1,0,-1,1,1,1,3
"S050","B","wording_1","S050_R4",2,"challenge","AR","post_feedback",1,1,0,1,2,1,2
"S050","B","wording_1","S050_R5",3,"baseline","none","child_behavior",0,3,3,4,1,1,1
"S050","B","wording_1","S050_R5",3,"baseline","none","self_handling",0,1,1,3,1,1,1
"S050","B","wording_1","S050_R5",3,"baseline","none","post_feedback",0,2,2,4,1,1,2
"S050","B","wording_1","S050_R6",3,"challenge","PR","child_behavior",1,0,2,0,1,1,1
"S050","B","wording_1","S050_R6",3,"challenge","PR","self_handling",1,-2,0,4,2,1,1
"S050","B","wording_1","S050_R6",3,"challenge","PR","post_feedback",1,2,1,4,2,1,1
"S051","C","wording_2","S051_R1",1,"baseline","none","child_behavior",0,1,0,4,2,1,1
"S051","C","wording_2","S051_R1",1,"baseline","none","self_handling",0,1,1,4,1,1,1
"S051","C","wording_2","S051_R1",1,"baseline","none","post_feedback",0,1,-1,4,1,1,1
"S051","C","wording_2","S051_R2",1,"challenge","AR","child_behavior",1,4,0,2,1,1,1
"S051","C","wording_2","S051_R2",1,"challenge","AR","self_handling",1,2,-2,2,1,1,1
"S051","C","wording_2","S051_R2",1,"challenge","AR","post_feedback",1,3,0,2,1,1,1
"S051","C","wording_2","S051_R3",2,"baseline","none","child_behavior",0,2,0,3,1,1,1
"S051","C","wording_2","S051_R3",2,"baseline","none","self_handling",0,1,1,4,1,1,1
"S051","C","wording_2","S051_R3",2,"baseline","none","post_feedback",0,3,0,3,1,1,1
"S051","C","wording_2","S051_R4",2,"challenge","PR","child_behavior",1,1,-1,2,2,2,1
"S051","C","wording_2","S051_R4",2,"challenge","PR","self_handling",1,3,0,2,1,1,1
"S051","C","wording_2","S051_R4",2,"challenge","PR","post_feedback",1,2,-1,2,1,1,1
"S051","C","wording_2","S051_R5",3,"baseline","none","child_behavior",0,3,0,4,2,1,1
"S051","C","wording_2","S051_R5",3,"baseline","none","self_handling",0,2,-2,4,1,2,1
"S051","C","wording_2","S051_R5",3,"baseline","none","post_feedback",0,2,0,3,1,1,1
"S051","C","wording_2","S051_R6",3,"challenge","NR","child_behavior",1,2,-2,1,1,1,1
"S051","C","wording_2","S051_R6",3,"challenge","NR","self_handling",1,4,0,1,2,1,1
"S051","C","wording_2","S051_R6",3,"challenge","NR","post_feedback",1,4,-2,3,1,1,1
"S052","A","wording_1","S052_R1",1,"baseline","none","child_behavior",0,1,-2,3,2,2,1
"S052","A","wording_1","S052_R1",1,"baseline","none","self_handling",0,2,-3,2,2,1,2
"S052","A","wording_1","S052_R1",1,"baseline","none","post_feedback",0,2,-2,3,1,1,1
"S052","A","wording_1","S052_R2",1,"challenge","PR","child_behavior",1,3,-2,4,4,3,1
"S052","A","wording_1","S052_R2",1,"challenge","PR","self_handling",1,0,-3,4,4,2,1
"S052","A","wording_1","S052_R2",1,"challenge","PR","post_feedback",1,2,-3,3,3,1,1
"S052","A","wording_1","S052_R3",2,"baseline","none","child_behavior",0,1,-4,1,3,1,1
"S052","A","wording_1","S052_R3",2,"baseline","none","self_handling",0,0,1,1,1,4,1
"S052","A","wording_1","S052_R3",2,"baseline","none","post_feedback",0,1,-4,3,2,2,1
"S052","A","wording_1","S052_R4",2,"challenge","NR","child_behavior",1,-3,-1,1,4,4,1
"S052","A","wording_1","S052_R4",2,"challenge","NR","self_handling",1,1,-3,4,2,3,1
"S052","A","wording_1","S052_R4",2,"challenge","NR","post_feedback",1,1,-4,4,1,1,1
"S052","A","wording_1","S052_R5",3,"baseline","none","child_behavior",0,1,0,2,2,2,1
"S052","A","wording_1","S052_R5",3,"baseline","none","self_handling",0,0,-3,3,5,1,1
"S052","A","wording_1","S052_R5",3,"baseline","none","post_feedback",0,1,-2,4,1,1,1
"S052","A","wording_1","S052_R6",3,"challenge","AR","child_behavior",1,1,0,3,4,1,1
"S052","A","wording_1","S052_R6",3,"challenge","AR","self_handling",1,-1,-2,4,3,4,1
"S052","A","wording_1","S052_R6",3,"challenge","AR","post_feedback",1,3,-2,3,1,1,1
"S053","B","wording_2","S053_R1",1,"baseline","none","child_behavior",0,3,-1,3,1,1,2
"S053","B","wording_2","S053_R1",1,"baseline","none","self_handling",0,4,-1,2,1,1,4
"S053","B","wording_2","S053_R1",1,"baseline","none","post_feedback",0,4,-1,4,1,1,3
"S053","B","wording_2","S053_R2",1,"challenge","NR","child_behavior",1,0,0,-2,3,1,1
"S053","B","wording_2","S053_R2",1,"challenge","NR","self_handling",1,3,1,0,1,5,1
"S053","B","wording_2","S053_R2",1,"challenge","NR","post_feedback",1,0,-1,0,1,1,1
"S053","B","wording_2","S053_R3",2,"baseline","none","child_behavior",0,4,-2,2,1,1,2
"S053","B","wording_2","S053_R3",2,"baseline","none","self_handling",0,4,0,2,1,1,1
"S053","B","wording_2","S053_R3",2,"baseline","none","post_feedback",0,4,-1,1,1,1,4
"S053","B","wording_2","S053_R4",2,"challenge","AR","child_behavior",1,1,-3,0,1,3,1
"S053","B","wording_2","S053_R4",2,"challenge","AR","self_handling",1,2,-3,0,1,2,1
"S053","B","wording_2","S053_R4",2,"challenge","AR","post_feedback",1,3,-2,1,1,1,2
"S053","B","wording_2","S053_R5",3,"baseline","none","child_behavior",0,2,-1,1,1,1,3
"S053","B","wording_2","S053_R5",3,"baseline","none","self_handling",0,4,-2,1,1,1,1
"S053","B","wording_2","S053_R5",3,"baseline","none","post_feedback",0,3,-1,2,1,2,3
"S053","B","wording_2","S053_R6",3,"challenge","PR","child_behavior",1,1,-2,-2,1,4,1
"S053","B","wording_2","S053_R6",3,"challenge","PR","self_handling",1,3,1,0,1,1,1
"S053","B","wording_2","S053_R6",3,"challenge","PR","post_feedback",1,2,-1,-1,1,1,1
"S054","C","wording_2","S054_R1",1,"baseline","none","child_behavior",0,3,-2,4,1,1,1
"S054","C","wording_2","S054_R1",1,"baseline","none","self_handling",0,3,-3,3,4,1,1
"S054","C","wording_2","S054_R1",1,"baseline","none","post_feedback",0,4,-2,2,1,1,1
"S054","C","wording_2","S054_R2",1,"challenge","AR","child_behavior",1,4,-1,3,1,1,1
"S054","C","wording_2","S054_R2",1,"challenge","AR","self_handling",1,3,-3,3,1,3,1
"S054","C","wording_2","S054_R2",1,"challenge","AR","post_feedback",1,2,-3,2,3,1,1
"S054","C","wording_2","S054_R3",2,"baseline","none","child_behavior",0,3,-3,4,1,1,1
"S054","C","wording_2","S054_R3",2,"baseline","none","self_handling",0,4,-4,3,1,1,1
"S054","C","wording_2","S054_R3",2,"baseline","none","post_feedback",0,4,-2,4,1,1,1
"S054","C","wording_2","S054_R4",2,"challenge","PR","child_behavior",1,2,-4,-1,2,2,1
"S054","C","wording_2","S054_R4",2,"challenge","PR","self_handling",1,4,0,1,4,1,1
"S054","C","wording_2","S054_R4",2,"challenge","PR","post_feedback",1,4,-2,4,1,1,1
"S054","C","wording_2","S054_R5",3,"baseline","none","child_behavior",0,4,-3,2,1,1,1
"S054","C","wording_2","S054_R5",3,"baseline","none","self_handling",0,4,-3,2,1,1,1
"S054","C","wording_2","S054_R5",3,"baseline","none","post_feedback",0,2,-2,3,1,1,1
"S054","C","wording_2","S054_R6",3,"challenge","NR","child_behavior",1,3,-2,0,3,1,1
"S054","C","wording_2","S054_R6",3,"challenge","NR","self_handling",1,4,-2,4,3,1,1
"S054","C","wording_2","S054_R6",3,"challenge","NR","post_feedback",1,4,-2,2,2,1,1
"S055","A","wording_2","S055_R1",1,"baseline","none","child_behavior",0,4,2,2,1,1,2
"S055","A","wording_2","S055_R1",1,"baseline","none","self_handling",0,4,2,2,1,1,3
"S055","A","wording_2","S055_R1",1,"baseline","none","post_feedback",0,1,3,1,1,1,2
"S055","A","wording_2","S055_R2",1,"challenge","PR","child_behavior",1,1,3,0,1,2,1
"S055","A","wording_2","S055_R2",1,"challenge","PR","self_handling",1,0,3,-2,1,2,1
"S055","A","wording_2","S055_R2",1,"challenge","PR","post_feedback",1,1,4,-1,1,1,3
"S055","A","wording_2","S055_R3",2,"baseline","none","child_behavior",0,3,3,-1,1,1,1
"S055","A","wording_2","S055_R3",2,"baseline","none","self_handling",0,4,0,1,1,1,3
"S055","A","wording_2","S055_R3",2,"baseline","none","post_feedback",0,1,4,3,1,1,2
"S055","A","wording_2","S055_R4",2,"challenge","NR","child_behavior",1,-1,1,-1,2,3,1
"S055","A","wording_2","S055_R4",2,"challenge","NR","self_handling",1,3,3,1,1,3,2
"S055","A","wording_2","S055_R4",2,"challenge","NR","post_feedback",1,1,3,0,1,1,3
"S055","A","wording_2","S055_R5",3,"baseline","none","child_behavior",0,0,3,0,1,1,2
"S055","A","wording_2","S055_R5",3,"baseline","none","self_handling",0,3,2,1,1,1,3
"S055","A","wording_2","S055_R5",3,"baseline","none","post_feedback",0,2,3,-1,1,1,2
"S055","A","wording_2","S055_R6",3,"challenge","AR","child_behavior",1,2,3,-1,1,1,1
"S055","A","wording_2","S055_R6",3,"challenge","AR","self_handling",1,1,3,0,1,3,3
"S055","A","wording_2","S055_R6",3,"challenge","AR","post_feedback",1,3,2,0,1,1,1
"S056","B","wording_2","S056_R1",1,"baseline","none","child_behavior",0,3,0,-1,1,1,2
"S056","B","wording_2","S056_R1",1,"baseline","none","self_handling",0,3,-2,2,1,1,2
"S056","B","wording_2","S056_R1",1,"baseline","none","post_feedback",0,3,2,0,1,1,1
"S056","B","wording_2","S056_R2",1,"challenge","NR","child_behavior",1,2,2,2,1,1,1
"S056","B","wording_2","S056_R2",1,"challenge","NR","self_handling",1,2,0,3,1,1,2
"S056","B","wording_2","S056_R2",1,"challenge","NR","post_feedback",1,-1,0,3,1,1,2
"S056","B","wording_2","S056_R3",2,"baseline","none","child_behavior",0,3,0,2,1,1,5
"S056","B","wording_2","S056_R3",2,"baseline","none","self_handling",0,4,0,0,1,1,1
"S056","B","wording_2","S056_R3",2,"baseline","none","post_feedback",0,2,0,0,1,1,4
"S056","B","wording_2","S056_R4",2,"challenge","AR","child_behavior",1,-1,0,0,3,2,3
"S056","B","wording_2","S056_R4",2,"challenge","AR","self_handling",1,0,2,2,1,1,1
"S056","B","wording_2","S056_R4",2,"challenge","AR","post_feedback",1,2,1,0,1,1,1
"S056","B","wording_2","S056_R5",3,"baseline","none","child_behavior",0,2,0,0,1,1,1
"S056","B","wording_2","S056_R5",3,"baseline","none","self_handling",0,2,0,2,1,1,1
"S056","B","wording_2","S056_R5",3,"baseline","none","post_feedback",0,2,0,1,1,1,1
"S056","B","wording_2","S056_R6",3,"challenge","PR","child_behavior",1,1,1,-1,2,2,2
"S056","B","wording_2","S056_R6",3,"challenge","PR","self_handling",1,1,0,2,2,1,4
"S056","B","wording_2","S056_R6",3,"challenge","PR","post_feedback",1,1,2,1,1,1,1
"S057","C","wording_2","S057_R1",1,"baseline","none","child_behavior",0,3,-2,3,1,1,1
"S057","C","wording_2","S057_R1",1,"baseline","none","self_handling",0,2,1,2,1,1,1
"S057","C","wording_2","S057_R1",1,"baseline","none","post_feedback",0,1,1,-1,3,1,1
"S057","C","wording_2","S057_R2",1,"challenge","AR","child_behavior",1,0,0,1,1,1,1
"S057","C","wording_2","S057_R2",1,"challenge","AR","self_handling",1,1,0,-1,1,1,1
"S057","C","wording_2","S057_R2",1,"challenge","AR","post_feedback",1,3,0,0,1,1,1
"S057","C","wording_2","S057_R3",2,"baseline","none","child_behavior",0,1,0,0,1,1,1
"S057","C","wording_2","S057_R3",2,"baseline","none","self_handling",0,0,1,0,1,2,1
"S057","C","wording_2","S057_R3",2,"baseline","none","post_feedback",0,2,0,1,1,1,1
"S057","C","wording_2","S057_R4",2,"challenge","PR","child_behavior",1,1,2,0,1,1,1
"S057","C","wording_2","S057_R4",2,"challenge","PR","self_handling",1,1,-1,-3,1,1,1
"S057","C","wording_2","S057_R4",2,"challenge","PR","post_feedback",1,1,-1,1,2,1,1
"S057","C","wording_2","S057_R5",3,"baseline","none","child_behavior",0,2,0,2,2,1,1
"S057","C","wording_2","S057_R5",3,"baseline","none","self_handling",0,3,1,1,1,1,1
"S057","C","wording_2","S057_R5",3,"baseline","none","post_feedback",0,1,1,2,1,1,1
"S057","C","wording_2","S057_R6",3,"challenge","NR","child_behavior",1,1,1,-1,1,1,1
"S057","C","wording_2","S057_R6",3,"challenge","NR","self_handling",1,-1,1,0,1,1,1
"S057","C","wording_2","S057_R6",3,"challenge","NR","post_feedback",1,0,2,1,1,1,1
"S058","A","wording_1","S058_R1",1,"baseline","none","child_behavior",0,4,-1,1,2,1,1
"S058","A","wording_1","S058_R1",1,"baseline","none","self_handling",0,3,-1,0,2,4,3
"S058","A","wording_1","S058_R1",1,"baseline","none","post_feedback",0,4,-3,2,1,5,1
"S058","A","wording_1","S058_R2",1,"challenge","PR","child_behavior",1,0,1,-1,3,5,1
"S058","A","wording_1","S058_R2",1,"challenge","PR","self_handling",1,4,1,1,2,5,1
"S058","A","wording_1","S058_R2",1,"challenge","PR","post_feedback",1,2,0,1,2,5,1
"S058","A","wording_1","S058_R3",2,"baseline","none","child_behavior",0,4,-1,3,1,4,1
"S058","A","wording_1","S058_R3",2,"baseline","none","self_handling",0,4,-1,4,1,2,2
"S058","A","wording_1","S058_R3",2,"baseline","none","post_feedback",0,2,1,4,1,5,1
"S058","A","wording_1","S058_R4",2,"challenge","NR","child_behavior",1,0,3,2,3,4,1
"S058","A","wording_1","S058_R4",2,"challenge","NR","self_handling",1,2,0,2,1,5,4
"S058","A","wording_1","S058_R4",2,"challenge","NR","post_feedback",1,4,2,1,1,5,1
"S058","A","wording_1","S058_R5",3,"baseline","none","child_behavior",0,3,-1,3,1,5,1
"S058","A","wording_1","S058_R5",3,"baseline","none","self_handling",0,4,-1,2,1,5,2
"S058","A","wording_1","S058_R5",3,"baseline","none","post_feedback",0,4,1,1,2,4,1
"S058","A","wording_1","S058_R6",3,"challenge","AR","child_behavior",1,1,3,3,2,5,1
"S058","A","wording_1","S058_R6",3,"challenge","AR","self_handling",1,3,1,2,2,5,3
"S058","A","wording_1","S058_R6",3,"challenge","AR","post_feedback",1,3,0,3,1,5,1
"S059","B","wording_2","S059_R1",1,"baseline","none","child_behavior",0,4,1,4,1,1,1
"S059","B","wording_2","S059_R1",1,"baseline","none","self_handling",0,4,-1,4,1,1,1
"S059","B","wording_2","S059_R1",1,"baseline","none","post_feedback",0,3,1,2,1,1,1
"S059","B","wording_2","S059_R2",1,"challenge","NR","child_behavior",1,-3,3,3,3,2,1
"S059","B","wording_2","S059_R2",1,"challenge","NR","self_handling",1,1,0,4,3,1,1
"S059","B","wording_2","S059_R2",1,"challenge","NR","post_feedback",1,2,0,2,1,2,1
"S059","B","wording_2","S059_R3",2,"baseline","none","child_behavior",0,4,-2,4,1,1,1
"S059","B","wording_2","S059_R3",2,"baseline","none","self_handling",0,2,-1,4,1,1,1
"S059","B","wording_2","S059_R3",2,"baseline","none","post_feedback",0,3,2,4,1,1,1
"S059","B","wording_2","S059_R4",2,"challenge","AR","child_behavior",1,1,-1,3,1,3,1
"S059","B","wording_2","S059_R4",2,"challenge","AR","self_handling",1,2,1,3,3,1,1
"S059","B","wording_2","S059_R4",2,"challenge","AR","post_feedback",1,1,-1,4,1,3,1
"S059","B","wording_2","S059_R5",3,"baseline","none","child_behavior",0,2,-1,4,1,1,1
"S059","B","wording_2","S059_R5",3,"baseline","none","self_handling",0,4,2,4,1,2,1
"S059","B","wording_2","S059_R5",3,"baseline","none","post_feedback",0,2,-2,4,1,1,1
"S059","B","wording_2","S059_R6",3,"challenge","PR","child_behavior",1,0,3,2,2,3,1
"S059","B","wording_2","S059_R6",3,"challenge","PR","self_handling",1,1,-1,1,3,2,1
"S059","B","wording_2","S059_R6",3,"challenge","PR","post_feedback",1,3,-2,2,2,2,1
"S060","C","wording_1","S060_R1",1,"baseline","none","child_behavior",0,3,1,2,1,1,1
"S060","C","wording_1","S060_R1",1,"baseline","none","self_handling",0,1,0,1,1,1,1
"S060","C","wording_1","S060_R1",1,"baseline","none","post_feedback",0,-1,-1,4,1,1,1
"S060","C","wording_1","S060_R2",1,"challenge","AR","child_behavior",1,1,-1,2,2,4,2
"S060","C","wording_1","S060_R2",1,"challenge","AR","self_handling",1,1,-1,2,1,4,2
"S060","C","wording_1","S060_R2",1,"challenge","AR","post_feedback",1,1,1,4,2,1,1
"S060","C","wording_1","S060_R3",2,"baseline","none","child_behavior",0,1,0,2,1,1,1
"S060","C","wording_1","S060_R3",2,"baseline","none","self_handling",0,4,2,-1,1,2,1
"S060","C","wording_1","S060_R3",2,"baseline","none","post_feedback",0,3,1,1,1,1,2
"S060","C","wording_1","S060_R4",2,"challenge","PR","child_behavior",1,-1,1,0,2,5,1
"S060","C","wording_1","S060_R4",2,"challenge","PR","self_handling",1,3,1,4,1,2,1
"S060","C","wording_1","S060_R4",2,"challenge","PR","post_feedback",1,3,-1,2,3,2,2
"S060","C","wording_1","S060_R5",3,"baseline","none","child_behavior",0,3,0,3,1,3,1
"S060","C","wording_1","S060_R5",3,"baseline","none","self_handling",0,2,0,2,1,1,1
"S060","C","wording_1","S060_R5",3,"baseline","none","post_feedback",0,4,-1,4,1,1,1
"S060","C","wording_1","S060_R6",3,"challenge","NR","child_behavior",1,-2,3,0,1,3,1
"S060","C","wording_1","S060_R6",3,"challenge","NR","self_handling",1,3,0,2,4,3,1
"S060","C","wording_1","S060_R6",3,"challenge","NR","post_feedback",1,1,-1,1,1,2,1
"S061","A","wording_2","S061_R1",1,"baseline","none","child_behavior",0,4,0,4,1,1,1
"S061","A","wording_2","S061_R1",1,"baseline","none","self_handling",0,4,0,2,1,3,1
"S061","A","wording_2","S061_R1",1,"baseline","none","post_feedback",0,4,1,4,1,1,1
"S061","A","wording_2","S061_R2",1,"challenge","PR","child_behavior",1,3,-1,3,3,1,1
"S061","A","wording_2","S061_R2",1,"challenge","PR","self_handling",1,4,0,2,1,1,1
"S061","A","wording_2","S061_R2",1,"challenge","PR","post_feedback",1,3,-2,2,1,1,2
"S061","A","wording_2","S061_R3",2,"baseline","none","child_behavior",0,4,-3,4,1,1,1
"S061","A","wording_2","S061_R3",2,"baseline","none","self_handling",0,3,-2,4,1,1,1
"S061","A","wording_2","S061_R3",2,"baseline","none","post_feedback",0,4,1,4,1,1,2
"S061","A","wording_2","S061_R4",2,"challenge","NR","child_behavior",1,3,1,2,3,1,1
"S061","A","wording_2","S061_R4",2,"challenge","NR","self_handling",1,4,-1,0,2,1,1
"S061","A","wording_2","S061_R4",2,"challenge","NR","post_feedback",1,3,-1,3,1,1,1
"S061","A","wording_2","S061_R5",3,"baseline","none","child_behavior",0,4,-3,3,1,1,1
"S061","A","wording_2","S061_R5",3,"baseline","none","self_handling",0,3,-1,4,1,1,1
"S061","A","wording_2","S061_R5",3,"baseline","none","post_feedback",0,2,-1,4,1,1,1
"S061","A","wording_2","S061_R6",3,"challenge","AR","child_behavior",1,2,-2,1,1,1,1
"S061","A","wording_2","S061_R6",3,"challenge","AR","self_handling",1,1,-1,2,2,1,1
"S061","A","wording_2","S061_R6",3,"challenge","AR","post_feedback",1,3,-2,3,1,1,1
"S062","B","wording_1","S062_R1",1,"baseline","none","child_behavior",0,2,-2,4,1,1,1
"S062","B","wording_1","S062_R1",1,"baseline","none","self_handling",0,3,-2,4,1,1,1
"S062","B","wording_1","S062_R1",1,"baseline","none","post_feedback",0,3,-1,4,2,1,1
"S062","B","wording_1","S062_R2",1,"challenge","NR","child_behavior",1,0,1,2,3,1,1
"S062","B","wording_1","S062_R2",1,"challenge","NR","self_handling",1,1,0,2,5,1,1
"S062","B","wording_1","S062_R2",1,"challenge","NR","post_feedback",1,3,-1,2,1,1,1
"S062","B","wording_1","S062_R3",2,"baseline","none","child_behavior",0,0,0,4,1,1,1
"S062","B","wording_1","S062_R3",2,"baseline","none","self_handling",0,0,-2,4,1,1,1
"S062","B","wording_1","S062_R3",2,"baseline","none","post_feedback",0,0,-3,4,1,1,1
"S062","B","wording_1","S062_R4",2,"challenge","AR","child_behavior",1,1,-3,1,4,1,1
"S062","B","wording_1","S062_R4",2,"challenge","AR","self_handling",1,2,-3,2,4,1,1
"S062","B","wording_1","S062_R4",2,"challenge","AR","post_feedback",1,3,-1,1,1,1,1
"S062","B","wording_1","S062_R5",3,"baseline","none","child_behavior",0,2,1,4,3,1,1
"S062","B","wording_1","S062_R5",3,"baseline","none","self_handling",0,1,-1,3,2,1,2
"S062","B","wording_1","S062_R5",3,"baseline","none","post_feedback",0,0,-2,3,3,1,1
"S062","B","wording_1","S062_R6",3,"challenge","PR","child_behavior",1,1,0,-1,1,1,1
"S062","B","wording_1","S062_R6",3,"challenge","PR","self_handling",1,2,-1,3,3,1,1
"S062","B","wording_1","S062_R6",3,"challenge","PR","post_feedback",1,3,1,3,2,1,1
"S063","C","wording_1","S063_R1",1,"baseline","none","child_behavior",0,1,1,0,1,1,1
"S063","C","wording_1","S063_R1",1,"baseline","none","self_handling",0,0,1,1,1,1,1
"S063","C","wording_1","S063_R1",1,"baseline","none","post_feedback",0,-1,1,1,1,1,2
"S063","C","wording_1","S063_R2",1,"challenge","AR","child_behavior",1,-1,1,-1,5,1,1
"S063","C","wording_1","S063_R2",1,"challenge","AR","self_handling",1,1,-2,0,3,2,1
"S063","C","wording_1","S063_R2",1,"challenge","AR","post_feedback",1,1,0,-1,2,3,1
"S063","C","wording_1","S063_R3",2,"baseline","none","child_behavior",0,2,-1,1,2,3,1
"S063","C","wording_1","S063_R3",2,"baseline","none","self_handling",0,0,1,-1,1,1,2
"S063","C","wording_1","S063_R3",2,"baseline","none","post_feedback",0,1,0,2,1,2,1
"S063","C","wording_1","S063_R4",2,"challenge","PR","child_behavior",1,-1,-1,2,2,4,1
"S063","C","wording_1","S063_R4",2,"challenge","PR","self_handling",1,0,0,1,4,3,1
"S063","C","wording_1","S063_R4",2,"challenge","PR","post_feedback",1,1,-1,2,3,3,1
"S063","C","wording_1","S063_R5",3,"baseline","none","child_behavior",0,0,1,2,2,1,1
"S063","C","wording_1","S063_R5",3,"baseline","none","self_handling",0,1,-1,1,2,1,1
"S063","C","wording_1","S063_R5",3,"baseline","none","post_feedback",0,4,1,1,4,2,1
"S063","C","wording_1","S063_R6",3,"challenge","NR","child_behavior",1,-1,-3,-2,3,3,1
"S063","C","wording_1","S063_R6",3,"challenge","NR","self_handling",1,1,-2,0,2,2,1
"S063","C","wording_1","S063_R6",3,"challenge","NR","post_feedback",1,1,-1,1,1,2,1
"S064","A","wording_2","S064_R1",1,"baseline","none","child_behavior",0,1,-1,3,1,2,1
"S064","A","wording_2","S064_R1",1,"baseline","none","self_handling",0,1,2,2,1,2,1
"S064","A","wording_2","S064_R1",1,"baseline","none","post_feedback",0,0,-1,3,1,2,2
"S064","A","wording_2","S064_R2",1,"challenge","PR","child_behavior",1,-4,-2,-1,3,2,1
"S064","A","wording_2","S064_R2",1,"challenge","PR","self_handling",1,-1,-1,2,4,4,3
"S064","A","wording_2","S064_R2",1,"challenge","PR","post_feedback",1,0,1,0,2,1,1
"S064","A","wording_2","S064_R3",2,"baseline","none","child_behavior",0,2,-2,4,1,2,1
"S064","A","wording_2","S064_R3",2,"baseline","none","self_handling",0,2,-1,4,1,1,1
"S064","A","wording_2","S064_R3",2,"baseline","none","post_feedback",0,2,1,4,1,1,4
"S064","A","wording_2","S064_R4",2,"challenge","NR","child_behavior",1,-2,-1,-3,3,3,2
"S064","A","wording_2","S064_R4",2,"challenge","NR","self_handling",1,1,0,0,4,3,1
"S064","A","wording_2","S064_R4",2,"challenge","NR","post_feedback",1,0,0,4,2,1,2
"S064","A","wording_2","S064_R5",3,"baseline","none","child_behavior",0,0,1,2,1,1,1
"S064","A","wording_2","S064_R5",3,"baseline","none","self_handling",0,2,2,-1,1,1,1
"S064","A","wording_2","S064_R5",3,"baseline","none","post_feedback",0,1,0,2,1,1,1
"S064","A","wording_2","S064_R6",3,"challenge","AR","child_behavior",1,-2,-1,0,3,3,1
"S064","A","wording_2","S064_R6",3,"challenge","AR","self_handling",1,-2,-1,1,2,3,1
"S064","A","wording_2","S064_R6",3,"challenge","AR","post_feedback",1,0,1,2,1,2,1
"S065","B","wording_2","S065_R1",1,"baseline","none","child_behavior",0,1,-3,-1,1,1,1
"S065","B","wording_2","S065_R1",1,"baseline","none","self_handling",0,2,-1,2,1,2,1
"S065","B","wording_2","S065_R1",1,"baseline","none","post_feedback",0,0,-2,1,1,1,1
"S065","B","wording_2","S065_R2",1,"challenge","NR","child_behavior",1,2,0,0,2,4,1
"S065","B","wording_2","S065_R2",1,"challenge","NR","self_handling",1,1,2,0,1,1,1
"S065","B","wording_2","S065_R2",1,"challenge","NR","post_feedback",1,2,0,2,1,1,1
"S065","B","wording_2","S065_R3",2,"baseline","none","child_behavior",0,1,-2,2,1,1,1
"S065","B","wording_2","S065_R3",2,"baseline","none","self_handling",0,1,-4,0,1,1,1
"S065","B","wording_2","S065_R3",2,"baseline","none","post_feedback",0,1,-2,1,1,1,1
"S065","B","wording_2","S065_R4",2,"challenge","AR","child_behavior",1,2,2,1,2,3,1
"S065","B","wording_2","S065_R4",2,"challenge","AR","self_handling",1,3,-3,2,1,2,1
"S065","B","wording_2","S065_R4",2,"challenge","AR","post_feedback",1,1,1,2,1,1,1
"S065","B","wording_2","S065_R5",3,"baseline","none","child_behavior",0,2,0,0,1,1,2
"S065","B","wording_2","S065_R5",3,"baseline","none","self_handling",0,3,-3,2,1,1,1
"S065","B","wording_2","S065_R5",3,"baseline","none","post_feedback",0,3,-1,1,1,1,1
"S065","B","wording_2","S065_R6",3,"challenge","PR","child_behavior",1,0,4,1,2,5,1
"S065","B","wording_2","S065_R6",3,"challenge","PR","self_handling",1,2,0,2,1,4,1
"S065","B","wording_2","S065_R6",3,"challenge","PR","post_feedback",1,3,2,1,1,2,1
"S066","C","wording_2","S066_R1",1,"baseline","none","child_behavior",0,3,-1,3,1,2,1
"S066","C","wording_2","S066_R1",1,"baseline","none","self_handling",0,1,0,3,1,1,1
"S066","C","wording_2","S066_R1",1,"baseline","none","post_feedback",0,3,0,4,3,1,1
"S066","C","wording_2","S066_R2",1,"challenge","AR","child_behavior",1,0,3,3,1,1,1
"S066","C","wording_2","S066_R2",1,"challenge","AR","self_handling",1,4,1,3,1,2,1
"S066","C","wording_2","S066_R2",1,"challenge","AR","post_feedback",1,4,3,3,2,1,1
"S066","C","wording_2","S066_R3",2,"baseline","none","child_behavior",0,3,0,1,1,1,1
"S066","C","wording_2","S066_R3",2,"baseline","none","self_handling",0,3,1,3,1,1,1
"S066","C","wording_2","S066_R3",2,"baseline","none","post_feedback",0,1,2,1,1,1,1
"S066","C","wording_2","S066_R4",2,"challenge","PR","child_behavior",1,3,3,0,1,1,1
"S066","C","wording_2","S066_R4",2,"challenge","PR","self_handling",1,3,1,1,1,2,1
"S066","C","wording_2","S066_R4",2,"challenge","PR","post_feedback",1,2,-1,0,1,2,1
"S066","C","wording_2","S066_R5",3,"baseline","none","child_behavior",0,3,0,3,1,1,1
"S066","C","wording_2","S066_R5",3,"baseline","none","self_handling",0,1,1,4,1,1,1
"S066","C","wording_2","S066_R5",3,"baseline","none","post_feedback",0,4,0,2,1,1,1
"S066","C","wording_2","S066_R6",3,"challenge","NR","child_behavior",1,3,4,0,1,2,1
"S066","C","wording_2","S066_R6",3,"challenge","NR","self_handling",1,4,3,0,1,1,1
"S066","C","wording_2","S066_R6",3,"challenge","NR","post_feedback",1,4,-1,2,1,1,1
