"participant_id","robot","trust"
"P01","neutral",46
"P02","neutral",55
"P03","neutral",32
"P04","neutral",35
"P05","neutral",73
"P06","neutral",41
"P07","neutral",75
"P08","neutral",64
"P09","neutral",54
"P10","neutral",40
"P11","neutral",43
"P12","neutral",50
"P13","neutral",32
"P14","neutral",51
"P15","neutral",38
"P16","neutral",55
"P17","neutral",52
"P18","neutral",68
"P19","neutral",46
"P20","neutral",45
"P21","expressive",56
"P22","expressive",66
"P23","expressive",59
"P24","expressive",71
"P25","expressive",67
"P26","expressive",66
"P27","expressive",63
"P28","expressive",55
"P29","expressive",63
"P30","expressive",51
"P31","expressive",49
"P32","expressive",52
"P33","expressive",76
"P34","expressive",42
"P35","expressive",53
"P36","expressive",73
"P37","expressive",63
"P38","expressive",89
"P39","expressive",57
"P40","expressive",61
