"participant_id","robot","session","trust","agree"
"S01","neutral",1,38,1
"S01","neutral",2,55,2
"S01","neutral",3,50,2
"S01","neutral",4,54,3
"S01","neutral",5,53,2
"S02","neutral",1,83,5
"S02","neutral",2,75,4
"S02","neutral",3,88,5
"S02","neutral",4,74,4
"S02","neutral",5,73,4
"S03","neutral",1,55,3
"S03","neutral",2,61,3
"S03","neutral",3,63,4
"S03","neutral",4,68,3
"S03","neutral",5,76,4
"S04","neutral",1,48,2
"S04","neutral",2,48,2
"S04","neutral",3,57,2
"S04","neutral",4,70,4
"S04","neutral",5,65,4
"S05","neutral",1,52,3
"S05","neutral",2,50,2
"S05","neutral",3,45,2
"S05","neutral",4,54,3
"S05","neutral",5,62,3
"S06","neutral",1,57,3
"S06","neutral",2,72,4
"S06","neutral",3,63,4
"S06","neutral",4,64,3
"S06","neutral",5,66,4
"S07","neutral",1,51,2
"S07","neutral",2,50,3
"S07","neutral",3,56,3
"S07","neutral",4,55,2
"S07","neutral",5,62,3
"S08","neutral",1,46,3
"S08","neutral",2,49,3
"S08","neutral",3,53,2
"S08","neutral",4,57,3
"S08","neutral",5,59,4
"S09","neutral",1,36,1
"S09","neutral",2,43,2
"S09","neutral",3,40,1
"S09","neutral",4,53,2
"S09","neutral",5,49,2
"S10","neutral",1,49,3
"S10","neutral",2,54,2
"S10","neutral",3,61,3
"S10","neutral",4,54,4
"S10","neutral",5,55,3
"S11","neutral",1,39,2
"S11","neutral",2,33,1
"S11","neutral",3,38,1
"S11","neutral",4,45,2
"S11","neutral",5,36,2
"S12","neutral",1,56,3
"S12","neutral",2,57,3
"S12","neutral",3,66,3
"S12","neutral",4,61,3
"S12","neutral",5,70,4
"S13","neutral",1,51,3
"S13","neutral",2,57,3
"S13","neutral",3,61,3
"S13","neutral",4,56,3
"S13","neutral",5,67,4
"S14","neutral",1,43,1
"S14","neutral",2,45,2
"S14","neutral",3,66,4
"S14","neutral",4,66,3
"S14","neutral",5,68,4
"S15","neutral",1,37,1
"S15","neutral",2,39,2
"S15","neutral",3,36,1
"S15","neutral",4,51,2
"S15","neutral",5,66,4
"S16","expressive",1,50,2
"S16","expressive",2,52,1
"S16","expressive",3,70,4
"S16","expressive",4,66,4
"S16","expressive",5,95,5
"S17","expressive",1,74,3
"S17","expressive",2,70,4
"S17","expressive",3,74,5
"S17","expressive",4,70,4
"S17","expressive",5,88,5
"S18","expressive",1,74,5
"S18","expressive",2,81,5
"S18","expressive",3,76,5
"S18","expressive",4,88,5
"S18","expressive",5,91,5
"S19","expressive",1,61,3
"S19","expressive",2,66,4
"S19","expressive",3,74,5
"S19","expressive",4,83,5
"S19","expressive",5,76,4
"S20","expressive",1,41,2
"S20","expressive",2,46,2
"S20","expressive",3,55,2
"S20","expressive",4,51,2
"S20","expressive",5,63,3
"S21","expressive",1,46,2
"S21","expressive",2,50,2
"S21","expressive",3,59,3
"S21","expressive",4,57,3
"S21","expressive",5,61,3
"S22","expressive",1,51,2
"S22","expressive",2,66,4
"S22","expressive",3,64,3
"S22","expressive",4,72,5
"S22","expressive",5,73,5
"S23","expressive",1,37,1
"S23","expressive",2,53,3
"S23","expressive",3,47,2
"S23","expressive",4,56,3
"S23","expressive",5,66,3
"S24","expressive",1,48,1
"S24","expressive",2,53,2
"S24","expressive",3,62,3
"S24","expressive",4,61,4
"S24","expressive",5,67,4
"S25","expressive",1,54,2
"S25","expressive",2,55,3
"S25","expressive",3,54,2
"S25","expressive",4,72,4
"S25","expressive",5,82,5
"S26","expressive",1,61,3
"S26","expressive",2,58,3
"S26","expressive",3,74,5
"S26","expressive",4,64,3
"S26","expressive",5,76,4
"S27","expressive",1,57,3
"S27","expressive",2,56,2
"S27","expressive",3,74,4
"S27","expressive",4,82,5
"S27","expressive",5,84,5
"S28","expressive",1,40,2
"S28","expressive",2,50,2
"S28","expressive",3,55,3
"S28","expressive",4,57,3
"S28","expressive",5,71,4
"S29","expressive",1,69,4
"S29","expressive",2,58,3
"S29","expressive",3,62,4
"S29","expressive",4,78,4
"S29","expressive",5,79,5
"S30","expressive",1,32,1
"S30","expressive",2,55,3
"S30","expressive",3,47,2
"S30","expressive",4,46,2
"S30","expressive",5,54,2
