"rq","feeling","term","version","estimate","lower","upper","p"
"RQ1","pleasure","loop_typechallenging","main",-1.73232323232323,-2.13175613427011,-1.33289033037635,1.95972107822399e-12
"RQ1","pleasure","loop_typechallenging","no_design",-1.73232323232323,-2.13175262769291,-1.33289383695354,1.95902182895303e-12
"RQ1","pleasure","loop_typechallenging","trend",-1.85732323232323,-2.26553041035786,-1.4491160542886,1.6612675400023e-13
"RQ1","pleasure","loop_typechallenging","in_order_only",-1.69398907103828,-2.10260940616506,-1.28536873591149,1.55563816599738e-11
"RQ1","pleasure","loop_typechallenging","as_ordinal",0.128696480385156,0.0839828384013413,0.197216292980902,4.74709239912368e-21
"RQ1","arousal","loop_typechallenging","main",0.515151515151517,0.257149547357664,0.773153482945369,0.000171695814350493
"RQ1","arousal","loop_typechallenging","no_design",0.515151515151515,0.257150330346214,0.773152699956817,0.000171694666807291
"RQ1","arousal","loop_typechallenging","trend",0.488636363636363,0.220967390814406,0.75630533645832,0.000501804249800223
"RQ1","arousal","loop_typechallenging","in_order_only",0.480874316939891,0.214292786836025,0.747455847043757,0.000629480314359447
"RQ1","arousal","loop_typechallenging","as_ordinal",2.22234313077966,1.50932693756089,3.27219296761824,5.22203832929702e-05
"RQ1","dominance","loop_typechallenging","main",-1.3030303030303,-1.73250072700194,-0.87355987905867,7.65166084112334e-08
"RQ1","dominance","loop_typechallenging","no_design",-1.30303030303031,-1.73250051360824,-0.873560092452369,7.65157529808494e-08
"RQ1","dominance","loop_typechallenging","trend",-1.49621212121214,-1.93215362193081,-1.06027062049348,2.47533719250733e-09
"RQ1","dominance","loop_typechallenging","in_order_only",-1.32240437158471,-1.7754763297926,-0.869332413376806,2.28375211537983e-07
"RQ1","dominance","loop_typechallenging","as_ordinal",0.20076565656785,0.133232914829957,0.30252921290931,1.65557168131529e-14
"RQ1","confusion","loop_typechallenging","main",5.37143435765928,3.05156039034321,9.45493562898079,5.6363240030322e-09
"RQ1","confusion","loop_typechallenging","no_design",4.30774043657773,2.62231416282943,7.07643192869942,8.07687237728678e-09
"RQ1","confusion","loop_typechallenging","trend",9.20345213276376,5.00624250818498,16.9195821060581,9.01751232080919e-13
"RQ1","confusion","loop_typechallenging","in_order_only",5.28841236599476,2.88808420738873,9.68368764361379,6.79914198196423e-08
"RQ1","confusion","loop_typechallenging","proportional_odds",NA,NA,NA,0.393829935159861
"RQ1","frustration","loop_typechallenging","main",5.73641480301636,1.88903869764378,17.4196827377384,0.0020535778864468
"RQ1","frustration","loop_typechallenging","no_design",5.66533332874914,1.92671166517645,16.6584353569564,0.00162277760180248
"RQ1","frustration","loop_typechallenging","trend",6.64022699384055,2.14143178516069,20.5902494000854,0.00104235786577702
"RQ1","frustration","loop_typechallenging","in_order_only",5.2274761021152,1.74764529792026,15.6361856897992,0.00308964385207188
"RQ1","frustration","loop_typechallenging","proportional_odds",NA,NA,NA,0.674207646081931
"RQ1","boredom","loop_typechallenging","main",0.219402378239039,0.0586178021819462,0.821207922936635,0.0242898764803907
"RQ1","boredom","loop_typechallenging","no_design",0.264750169131806,0.101941379187162,0.687578023901674,0.00634758904364207
"RQ1","boredom","loop_typechallenging","trend",0.377570929879284,0.105731981107252,1.34831302314575,0.133663811968298
"RQ1","boredom","loop_typechallenging","in_order_only",0.251529537195987,0.0698991477937895,0.905119877407844,0.0346361635812776
"RQ1","boredom","loop_typechallenging","proportional_odds",NA,NA,NA,0.947987823040892
"RQ2","pleasure","loop_typechallenging:checkpointself_handling","main",1.40909090909088,1.01503340881526,1.80314840936649,1.24351211539387e-10
"RQ2","pleasure","loop_typechallenging:checkpointself_handling","no_design",1.40909090909092,1.0167043886154,1.80147742956643,1.01981372718661e-10
"RQ2","pleasure","loop_typechallenging:checkpointself_handling","trend",1.40909090909097,1.01502830842893,1.80315350975302,1.2445142221745e-10
"RQ2","pleasure","loop_typechallenging:checkpointself_handling","in_order_only",1.34426229508197,0.948403523808926,1.74012106635501,7.00704984894478e-10
"RQ2","pleasure","loop_typechallenging:checkpointself_handling","as_ordinal",5.70316250910104,3.28994301245837,9.88651246603538,5.55143117638567e-10
"RQ2","arousal","loop_typechallenging:checkpointself_handling","main",-0.429292929292929,-0.719755559972319,-0.13883029861354,0.00387132012637046
"RQ2","arousal","loop_typechallenging:checkpointself_handling","no_design",-0.42929292929293,-0.719755562481185,-0.138830296104674,0.00387132040940821
"RQ2","arousal","loop_typechallenging:checkpointself_handling","trend",-0.429292929292929,-0.719755653215341,-0.138830205370518,0.00387133154658818
"RQ2","arousal","loop_typechallenging:checkpointself_handling","in_order_only",-0.398907103825137,-0.701981969199114,-0.0958322384511595,0.010031195079228
"RQ2","arousal","loop_typechallenging:checkpointself_handling","as_ordinal",0.504594126664164,0.294545934236961,0.864433024083549,0.0127592050107149
"RQ2","dominance","loop_typechallenging:checkpointself_handling","main",0.616161616161648,0.30959940742292,0.922723824900375,0.00012539877854156
"RQ2","dominance","loop_typechallenging:checkpointself_handling","no_design",0.616161616161613,0.309430294451822,0.922892937871405,0.000126282341404335
"RQ2","dominance","loop_typechallenging:checkpointself_handling","trend",0.616161616161652,0.309604240223598,0.922718992099706,0.000125369823907131
"RQ2","dominance","loop_typechallenging:checkpointself_handling","in_order_only",0.573770491803226,0.263231274983843,0.884309708622608,0.000408765047814045
"RQ2","dominance","loop_typechallenging:checkpointself_handling","as_ordinal",2.23796409228281,1.30513689940658,3.8375156511355,0.00341228978643875
"RQ2","confusion","loop_typechallenging:checkpointself_handling","main",0.37011386617524,0.162357075163431,0.84372223259931,0.018069012897628
"RQ2","confusion","loop_typechallenging:checkpointself_handling","no_design",0.346029285677009,0.148532434917251,0.806128753042042,0.0139146294960925
"RQ2","confusion","loop_typechallenging:checkpointself_handling","trend",0.372031274126687,0.16382702697421,0.844837823676761,0.0181306780650903
"RQ2","confusion","loop_typechallenging:checkpointself_handling","in_order_only",0.327862301266066,0.135638799266402,0.792499558923087,0.0132693571723321
"RQ2","confusion","loop_typechallenging:checkpointself_handling","proportional_odds",NA,NA,NA,0.490945793218307
"RQ2","frustration","loop_typechallenging:checkpointself_handling","main",0.461665460314979,0.179144728553652,1.18973635991756,0.109533325237919
"RQ2","frustration","loop_typechallenging:checkpointself_handling","no_design",0.475854284620941,0.186394263688289,1.21482976842455,0.12041395957006
"RQ2","frustration","loop_typechallenging:checkpointself_handling","trend",0.46036898656223,0.17878189928166,1.18546455004618,0.107955809516212
"RQ2","frustration","loop_typechallenging:checkpointself_handling","in_order_only",0.50237042571118,0.190331117665425,1.32598414660115,0.164465489336239
"RQ2","frustration","loop_typechallenging:checkpointself_handling","proportional_odds",NA,NA,NA,0.807336195061113
"RQ2","boredom","loop_typechallenging:checkpointself_handling","main",1.45716207586525,0.380184077967356,5.58498221885622,0.582856971675662
"RQ2","boredom","loop_typechallenging:checkpointself_handling","no_design",1.41302826542285,0.384924793033757,5.18711424937707,0.602307680225743
"RQ2","boredom","loop_typechallenging:checkpointself_handling","trend",1.45749383355864,0.381017684648944,5.57530099113036,0.582077717020081
"RQ2","boredom","loop_typechallenging:checkpointself_handling","in_order_only",1.73991609135402,0.440084726023288,6.87892086668888,0.429711907612459
"RQ2","boredom","loop_typechallenging:checkpointself_handling","proportional_odds",NA,NA,NA,0.619840188850394
"RQ3","pleasure","loop_typechallenging:checkpointpost_feedback","main",0.0454545454545249,-0.224000946258708,0.314910037167758,0.740216429027247
"RQ3","pleasure","loop_typechallenging:checkpointpost_feedback","no_design",0.0454545454545497,-0.2240460847113,0.314955175620399,0.740258326941154
"RQ3","pleasure","loop_typechallenging:checkpointpost_feedback","trend",0.0454545454545488,-0.224001259413276,0.314910350322373,0.740216718363904
"RQ3","pleasure","loop_typechallenging:checkpointpost_feedback","in_order_only",0.0765027322404354,-0.203829572749569,0.35683503723044,0.591647690657705
"RQ3","pleasure","loop_typechallenging:checkpointpost_feedback","as_ordinal",1.1454441377742,0.658064779818369,1.99378892929569,0.631078681426047
"RQ3","arousal","loop_typechallenging:checkpointpost_feedback","main",-0.095959595959596,-0.380359497898174,0.188440305978982,0.507493898854852
"RQ3","arousal","loop_typechallenging:checkpointpost_feedback","no_design",-0.095959595959596,-0.38036006634732,0.188440874428128,0.507494743079721
"RQ3","arousal","loop_typechallenging:checkpointpost_feedback","trend",-0.0959595959595966,-0.380359613541528,0.188440421622335,0.507494070974429
"RQ3","arousal","loop_typechallenging:checkpointpost_feedback","in_order_only",-0.0601092896174861,-0.357885410258773,0.237666831023801,0.691629937030789
"RQ3","arousal","loop_typechallenging:checkpointpost_feedback","as_ordinal",0.877486956114247,0.509709431690119,1.51063196063981,0.637244526474675
"RQ3","dominance","loop_typechallenging:checkpointpost_feedback","main",0.393939393939412,0.139164623542395,0.648714164336429,0.0025405822976263
"RQ3","dominance","loop_typechallenging:checkpointpost_feedback","no_design",0.393939393939411,0.139325498030691,0.648553289848132,0.00252456772303478
"RQ3","dominance","loop_typechallenging:checkpointpost_feedback","trend",0.393939393939407,0.139164314148655,0.648714473730158,0.00254061319745967
"RQ3","dominance","loop_typechallenging:checkpointpost_feedback","in_order_only",0.45355191256827,0.194717306569044,0.712386518567495,0.000643934752620448
"RQ3","dominance","loop_typechallenging:checkpointpost_feedback","as_ordinal",1.71740122811507,0.992825591361728,2.97078057213026,0.0530826675807443
"RQ3","confusion","loop_typechallenging:checkpointpost_feedback","main",0.290246219145238,0.138467167273306,0.608395978534227,0.0010528116690364
"RQ3","confusion","loop_typechallenging:checkpointpost_feedback","no_design",0.289962568262053,0.139689176871143,0.601895528890433,0.000892328426360762
"RQ3","confusion","loop_typechallenging:checkpointpost_feedback","trend",0.288121780170129,0.13763072471196,0.603165901960775,0.000962662983875607
"RQ3","confusion","loop_typechallenging:checkpointpost_feedback","in_order_only",0.288918473025558,0.133833528468594,0.623714289016957,0.00156517122379838
"RQ3","confusion","loop_typechallenging:checkpointpost_feedback","proportional_odds",NA,NA,NA,NA
"RQ3","frustration","loop_typechallenging:checkpointpost_feedback","main",0.628951552171507,0.235145238348486,1.68227967428665,0.355604947052392
"RQ3","frustration","loop_typechallenging:checkpointpost_feedback","no_design",0.621892546607595,0.232746825080289,1.66167826088569,0.343509385119566
"RQ3","frustration","loop_typechallenging:checkpointpost_feedback","trend",0.635562100236384,0.237614474973219,1.69997717227628,0.366560807754695
"RQ3","frustration","loop_typechallenging:checkpointpost_feedback","in_order_only",0.667991975371923,0.24199772452958,1.84387386298231,0.436059139449803
"RQ3","frustration","loop_typechallenging:checkpointpost_feedback","proportional_odds",NA,NA,NA,NA
"RQ3","boredom","loop_typechallenging:checkpointpost_feedback","main",2.77488533425455,0.569434446687875,13.5221686412687,0.206554052988451
"RQ3","boredom","loop_typechallenging:checkpointpost_feedback","no_design",2.74433424563507,0.567551551675167,13.2699319199041,0.209280058592172
"RQ3","boredom","loop_typechallenging:checkpointpost_feedback","trend",2.74999664418045,0.566908577508786,13.3398608576998,0.20927344318091
"RQ3","boredom","loop_typechallenging:checkpointpost_feedback","in_order_only",1.70975169940189,0.319110717950408,9.16061639164985,0.53113501398892
"RQ3","boredom","loop_typechallenging:checkpointpost_feedback","proportional_odds",NA,NA,NA,0.239746520232334
"RQ4","pleasure","function_classNR","main",-1.21212121212121,-1.7648547919151,-0.65938763232732,2.87599584984229e-05
"RQ4","pleasure","function_classNR","no_design",-1.21212121212121,-1.76383173948323,-0.660410684759187,2.7652137531973e-05
"RQ4","pleasure","function_classNR","trend",-1.21212121212121,-1.76510005769661,-0.659142366545812,2.88738873951416e-05
"RQ4","pleasure","function_classNR","in_order_only",-1.27894453419494,-1.86843670641723,-0.68945236197264,3.58749025638049e-05
"RQ4","pleasure","function_classNR","as_ordinal",0.228356566193006,0.115723071459407,0.450616464511596,2.0569164302373e-05
"RQ4","pleasure","function_classAR","main",0.227272727272729,-0.325460852521134,0.780006307066591,0.417391346472606
"RQ4","pleasure","function_classAR","no_design",0.227272727272732,-0.324437800089367,0.778983254634831,0.416575471925964
"RQ4","pleasure","function_classAR","trend",0.227272727272727,-0.325706118302385,0.780251572847839,0.417620081473258
"RQ4","pleasure","function_classAR","in_order_only",0.144049542272484,-0.445442629949612,0.73354171449458,0.629351215457667
"RQ4","pleasure","function_classAR","as_ordinal",1.31614389325939,0.704454784703185,2.45897222274364,0.389002836096619
"RQ4","pleasure","function_NRAR","main",1.43939393939394,0.886660359600017,1.99212751918786,9.46335524631057e-07
"RQ4","pleasure","function_NRAR","no_design",1.43939393939393,0.887683412027414,1.99110446676046,8.94133248287452e-07
"RQ4","pleasure","function_NRAR","trend",1.43939393939394,0.886415093825622,1.99237278496226,9.49028535842391e-07
"RQ4","pleasure","function_NRAR","in_order_only",1.42299407646742,0.833501904245122,2.01248624868972,5.09597592721516e-06
"RQ4","pleasure","function_NRAR","as_ordinal",5.76354796739001,2.88856979957923,11.4999766241565,6.70482577723832e-07
"RQ4","arousal","function_classNR","main",0.439393939393938,-0.0153143464761135,0.894102225263989,0.0581070974243983
"RQ4","arousal","function_classNR","no_design",0.439393939393941,-0.0149225278530847,0.893710406640967,0.0578957411005886
"RQ4","arousal","function_classNR","trend",0.439393939393939,-0.0166445239128633,0.895432402700741,0.0588341016908209
"RQ4","arousal","function_classNR","in_order_only",0.497038233710286,0.0262745219692312,0.967801945451341,0.0386927017154485
"RQ4","arousal","function_classNR","as_ordinal",1.90372370949534,0.985009352724916,3.67931934054113,0.0554833885663606
"RQ4","arousal","function_classAR","main",0.090909090909089,-0.363799194960865,0.545617376779043,0.693064259276343
"RQ4","arousal","function_classAR","no_design",0.0909090909090925,-0.36340737633792,0.545225558156105,0.692845820295703
"RQ4","arousal","function_classAR","trend",0.0909090909090904,-0.365129372397513,0.546947554215694,0.693930076650021
"RQ4","arousal","function_classAR","in_order_only",0.152396338179861,-0.31836737356141,0.623160049921131,0.522728947684438
"RQ4","arousal","function_classAR","as_ordinal",1.02411895620906,0.533617837187785,1.96548833898452,0.9428769600949
"RQ4","arousal","function_NRAR","main",-0.348484848484851,-0.803193134351478,0.106223437381776,0.131874487178819
"RQ4","arousal","function_NRAR","no_design",-0.348484848484847,-0.802801315735372,0.105831618765679,0.131562824690392
"RQ4","arousal","function_NRAR","trend",-0.348484848484846,-0.804523311791405,0.107553614821713,0.133004526268571
"RQ4","arousal","function_NRAR","in_order_only",-0.344641895530431,-0.815405598767047,0.126121807706185,0.149783809514058
"RQ4","arousal","function_NRAR","as_ordinal",0.537955801626436,0.275942741657041,1.04875541485784,0.0687230833317154
"RQ4","dominance","function_classNR","main",-0.530303030303031,-0.995333232961078,-0.0652728276449842,0.0257414931248567
"RQ4","dominance","function_classNR","no_design",-0.530303030303029,-1.00642945066922,-0.0541766099368403,0.0293210875650572
"RQ4","dominance","function_classNR","trend",-0.530303030303033,-0.995895716265697,-0.0647103443403687,0.0259148827103382
"RQ4","dominance","function_classNR","in_order_only",-0.581583198707592,-1.07976315557867,-0.0834032418365177,0.0225231609694187
"RQ4","dominance","function_classNR","as_ordinal",0.444610322831505,0.225899999394197,0.875070118187054,0.0189609517613876
"RQ4","dominance","function_classAR","main",0.0909090909090901,-0.374121111748925,0.555939293567106,0.699537864651715
"RQ4","dominance","function_classAR","no_design",0.090909090909092,-0.38521732945716,0.567035511275344,0.706238579172913
"RQ4","dominance","function_classAR","trend",0.0909090909090885,-0.374683595053504,0.556501776871681,0.699899158135997
"RQ4","dominance","function_classAR","in_order_only",0.0525040387722145,-0.445675918098811,0.55068399564324,0.83503893457899
"RQ4","dominance","function_classAR","as_ordinal",1.20978335789955,0.627623647250679,2.33193216900277,0.569505728942002
"RQ4","dominance","function_NRAR","main",0.621212121212119,0.156181887119238,1.086242355305,0.00923829447516452
"RQ4","dominance","function_NRAR","no_design",0.621212121212122,0.145085700850192,1.09733854157405,0.0109537184643641
"RQ4","dominance","function_NRAR","trend",0.621212121212122,0.155619435246688,1.08680480717756,0.0093180546627883
"RQ4","dominance","function_NRAR","in_order_only",0.634087237479807,0.135907280606793,1.13226719435282,0.0130539566087536
"RQ4","dominance","function_NRAR","as_ordinal",2.7209975426812,1.37033038569327,5.40295078075748,0.00423349674698112
"RQ4","confusion","function_classNR","main",1.87918896959177,0.916137781586583,3.85460708466769,0.0852429931686845
"RQ4","confusion","function_classNR","no_design",1.7380647614743,0.872407541910771,3.46268110940712,0.115984252282563
"RQ4","confusion","function_classNR","trend",1.89631916679684,0.924402772622332,3.89010774184495,0.0808851681369597
"RQ4","confusion","function_classNR","in_order_only",1.87522489226738,0.887694399060528,3.96135021275429,0.099396360521905
"RQ4","confusion","function_classNR","proportional_odds",NA,NA,NA,NA
"RQ4","confusion","function_classAR","main",1.93296611754327,0.943795607599311,3.95886353092307,0.0715689069056779
"RQ4","confusion","function_classAR","no_design",1.67149162480482,0.841747625225243,3.31914717436245,0.14216413718416
"RQ4","confusion","function_classAR","trend",1.92817128776424,0.941227621502095,3.94999512341672,0.0727402227869814
"RQ4","confusion","function_classAR","in_order_only",1.80972210116249,0.854089204904657,3.83460423645276,0.121546195213886
"RQ4","confusion","function_classAR","proportional_odds",NA,NA,NA,NA
"RQ4","confusion","function_NRAR","main",1.02861725570028,0.517604717819024,2.0441341090989,0.935818571182928
"RQ4","confusion","function_NRAR","no_design",0.961697082301583,0.494718198542502,1.86947090451115,0.908316933490454
"RQ4","confusion","function_NRAR","trend",1.0167972695782,0.512122572126219,2.01880710535617,0.962031793834087
"RQ4","confusion","function_NRAR","in_order_only",0.96506955723121,0.46914958918778,1.98520743012238,0.923030301450688
"RQ4","confusion","function_NRAR","proportional_odds",NA,NA,NA,NA
"RQ4","frustration","function_classNR","main",1.71771049661367,0.720260934100023,4.09647283433954,0.222464265712859
"RQ4","frustration","function_classNR","no_design",1.68484205568182,0.709710588706935,3.99978920670484,0.236950980274963
"RQ4","frustration","function_classNR","trend",1.69632023278001,0.712208355853214,4.04025354166428,0.232669154334937
"RQ4","frustration","function_classNR","in_order_only",1.95850603211274,0.795890538271822,4.81943897228735,0.143442806603725
"RQ4","frustration","function_classNR","proportional_odds",NA,NA,NA,NA
"RQ4","frustration","function_classAR","main",0.54578129125434,0.214361705217999,1.38960089713936,0.204096279867542
"RQ4","frustration","function_classAR","no_design",0.556505678472377,0.22046644085949,1.40474245860113,0.214752915792429
"RQ4","frustration","function_classAR","trend",0.551564859689977,0.217482468145224,1.39884284484797,0.210167218231371
"RQ4","frustration","function_classAR","in_order_only",0.577106614409267,0.219399839270547,1.51801407650182,0.265242275162878
"RQ4","frustration","function_classAR","proportional_odds",NA,NA,NA,NA
"RQ4","frustration","function_NRAR","main",0.317737630400575,0.126624809833977,0.797294005060631,0.0145813849397384
"RQ4","frustration","function_NRAR","no_design",0.330301585941887,0.132872761326908,0.821079780281743,0.0171110837884161
"RQ4","frustration","function_NRAR","trend",0.318524672785391,0.126264438698318,0.803535565666697,0.0153794483549107
"RQ4","frustration","function_NRAR","in_order_only",0.294666692662461,0.112573322606841,0.771305827650474,0.0128129623209028
"RQ4","frustration","function_NRAR","proportional_odds",NA,NA,NA,NA
"RQ4","boredom","function_classNR","main",8.98662250233875,0.902860049381704,89.448396852698,0.0610905311635443
"RQ4","boredom","function_classNR","no_design",4.50080465126731,0.720045818109524,28.1332687440011,0.107672039474417
"RQ4","boredom","function_classNR","trend",9.54238501072535,0.963601380320861,94.4966596691627,0.0538172591472681
"RQ4","boredom","function_classNR","in_order_only",8.88944314632768,0.874894099938994,90.3220166387022,0.0647450373041152
"RQ4","boredom","function_classNR","proportional_odds",NA,NA,NA,0.406368619066567
"RQ4","boredom","function_classAR","main",0.440176665919025,0.0416355149947615,4.65361115970266,0.495231647040268
"RQ4","boredom","function_classAR","no_design",0.465160207808977,0.062776555556988,3.44673289270336,0.453846817610974
"RQ4","boredom","function_classAR","trend",0.451414159677977,0.043726461479032,4.6602157289926,0.504263524444557
"RQ4","boredom","function_classAR","in_order_only",0.440975886474312,0.0416349177445202,4.67059244946867,0.49651924993831
"RQ4","boredom","function_classAR","proportional_odds",NA,NA,NA,0.406368619066567
"RQ4","boredom","function_NRAR","main",0.0489820322944884,0.0040272443713709,0.595752148728335,0.0179657972414131
"RQ4","boredom","function_NRAR","no_design",0.103350469161717,0.0126175010730345,0.846547934818455,0.0344079872683175
"RQ4","boredom","function_NRAR","trend",0.0473056954126037,0.00370406450738765,0.604154926029703,0.0188868858461935
"RQ4","boredom","function_NRAR","in_order_only",0.0496067347805573,0.00389984753102167,0.631006242170671,0.0206209100648191
"RQ4","boredom","function_NRAR","proportional_odds",NA,NA,NA,0.406368619066567
